{
    "#if": 0.0030775899436497616, 
    ";": 0.40790348215575783, 
    "=>": 0.037639069498627366, 
    "Console": 0.0002600780234070221, 
    "System": 0.027842797283629532, 
    "as": 0.0016038144776766364, 
    "async": 0.004811443433029909, 
    "class": 0.01638491547464239, 
    "comments": [
        "//", 
        "/*"
    ], 
    "const": 0.006097384770986852, 
    "decimal": 0.0015749169195203006, 
    "delegate": 0.00014448779078167894, 
    "first_line": [
        "namespace .*", 
        "using .*;", 
        "^#define .*"
    ], 
    "flags": [], 
    "get": 0.017555266579973992, 
    "interface": 0.001661609593989308, 
    "override": 0.007802340702210663, 
    "private": 0.027886143620864036, 
    "public": 0.09976881953474931, 
    "readonly": 0.011559023262534315, 
    "set": 0.011226701343736455, 
    "struct": 1.4448779078167896e-05, 
    "this": 0.09294899580985407, 
    "unique": [
        "decimal", 
        "readonly"
    ], 
    "using": 0.04755093194625054, 
    "var": 0.09192313249530415, 
    "{": 0.209984106343014, 
    "}": 0.20995520878485768
}