{
    "#if": 0.0030735043721681916, 
    "()": 0.029090069550662317, 
    ";": 0.40528411878445064, 
    "=>": 0.037589102767596895, 
    "Console": 0.00025973276384519926, 
    "System": 0.027791405731436323, 
    "as": 0.0016161149750367955, 
    "async": 0.0048194857291275865, 
    "class": 0.016363164122247555, 
    "const": 0.006103719950362183, 
    "decimal": 0.0015728261810625955, 
    "delegate": 0.00017315517589679952, 
    "first_line": [
        "namespace", 
        "using", 
        "^#define .*$"
    ], 
    "get": 0.01753196155955095, 
    "interface": 0.0016594037690109953, 
    "namespace": 0.013866843669735361, 
    "override": 0.007791982915355978, 
    "private": 0.027849124123401924, 
    "public": 0.09969409252258232, 
    "readonly": 0.011543678393119967, 
    "set": 0.011211797639317768, 
    "struct": 1.442959799139996e-05, 
    "this": 0.09279674468269314, 
    "unique": [
        "decimal", 
        "readonly"
    ], 
    "using": 0.04745894779371447, 
    "var": 0.09194539840120054, 
    "{": 0.2098063547949554, 
    "}": 0.20938789645320482
}