{
    "#if": 0.00307776782359911, 
    ";": 0.4078692598907609, 
    "=>": 0.037641244978759064, 
    "Console": 0.00026009305551541776, 
    "System": 0.027829956940149697, 
    "as": 0.0016039071756784094, 
    "async": 0.004826171141230529, 
    "class": 0.01638586249747132, 
    "comments": [
        "//", 
        "/*"
    ], 
    "const": 0.006097737190417016, 
    "decimal": 0.0015750079472878075, 
    "delegate": 0.00017339537034361183, 
    "first_line": [
        "^namespace .*$", 
        "^using .*;$", 
        "^#define .*$"
    ], 
    "get": 0.0175562812472907, 
    "interface": 0.0016617056324596134, 
    "override": 0.007802791665462532, 
    "private": 0.0278877553969309, 
    "public": 0.09977458601855331, 
    "readonly": 0.011559691356240789, 
    "set": 0.011227350229748866, 
    "struct": 1.4449614195300986e-05, 
    "this": 0.09295436811837124, 
    "unique": [
        "decimal", 
        "readonly"
    ], 
    "using": 0.047524781088344945, 
    "var": 0.09192844551050487, 
    "{": 0.20998179348611393, 
    "}": 0.20995289425772332
}