{
    ";": 0.411294845173318, 
    "=>": 0.03918032041468997, 
    "System": 0.02817648574503236, 
    "as": 0.0015308365036300529, 
    "decimal": 0.001576306894826985, 
    "delegate": 0.0001212543765251527, 
    "get": 0.017930490928656957, 
    "namespace": 0.014338330024099307, 
    "override": 0.007911848068266215, 
    "set": 0.01153432256695515, 
    "this": 0.09541203752822953, 
    "using": 0.04882004334843961, 
    "var": 0.09453294329842218, 
    "{": 0.2125589220485927, 
    "}": 0.2125589220485927
}