{
    ":": 0.02185310834030929,
    ";": 0.4112144042531318,
    "=>": 0.03816950845192463,
    "Console": 0.00026435211701987044,
    "System": 0.02813881423389288,
    "as": 0.0016448576170125274,
    "async": 0.00490520039359093,
    "class": 0.016551379771188555,
    "const": 0.006124157377626999,
    "decimal": 0.001600798930842549,
    "delegate": 0.00017623474467991365,
    "first_line": [
        "namespace",
        "using"
    ],
    "get": 0.017740964297777974,
    "interface": 0.0016889163031825057,
    "namespace": 0.014025348430776461,
    "override": 0.007827759909532831,
    "public": 0.10049786315372075,
    "set": 0.01141119971802441,
    "struct": 1.4686228723326137e-05,
    "this": 0.0939478051431173,
    "using": 0.04834706495718964,
    "var": 0.09208265409525487,
    "{": 0.21181947687653288,
    "}": 0.2118341631052562
}