{
    "#if": 0.0030779012470557635, 
    ";": 0.4078869413175729, 
    "=>": 0.03764287675389795, 
    "Console": 0.0002601043307371068, 
    "System": 0.027831163388870424, 
    "as": 0.0016039767062121584, 
    "async": 0.004826380359232981, 
    "class": 0.016386572836437727, 
    "comments": [
        "//", 
        "/*"
    ], 
    "const": 0.0060980015317255035, 
    "decimal": 0.0015750762250191467, 
    "delegate": 0.00017340288715807117, 
    "first_line": [
        "namespace .*", 
        "using .*;", 
        "^#define .*"
    ], 
    "get": 0.017557042324754708, 
    "interface": 0.0016617776685981822, 
    "override": 0.007803129922113203, 
    "private": 0.02788896435125645, 
    "public": 0.09977891131887345, 
    "readonly": 0.011560192477204745, 
    "set": 0.01122783694348511, 
    "struct": 1.4450240596505932e-05, 
    "this": 0.09295839775732266, 
    "unique": [
        "decimal", 
        "readonly"
    ], 
    "using": 0.04752684132190801, 
    "var": 0.09193243067497074, 
    "{": 0.2099908963484242, 
    "}": 0.2099619958672312
}