{
    ":": 0.021904559786563183, 
    ";": 0.41130548144554935, 
    "=>": 0.03918566577734659, 
    "Console": 0.00022738297356293962, 
    "System": 0.028180329856900315, 
    "as": 0.0015310453553237934, 
    "async": 0.004972107688576279, 
    "class": 0.01679602231384914, 
    "const": 0.0061241814212951735, 
    "decimal": 0.0015765219500363814, 
    "delegate": 0.00012127091923356779, 
    "first_line": [
        "namespace", 
        "using"
    ], 
    "get": 0.017932937181663836, 
    "interface": 0.0017281105990783411, 
    "namespace": 0.014340286199369391, 
    "override": 0.007912927479990298, 
    "public": 0.10113994664079554, 
    "set": 0.011535896192093137, 
    "struct": 1.5158864904195973e-05, 
    "this": 0.09542505457191365, 
    "using": 0.04882670385641523, 
    "var": 0.09454584040747029, 
    "{": 0.21258792141644434, 
    "}": 0.21258792141644434
}