{
    "#if": 0.0031003915517969173, 
    ";": 0.40588928836552596, 
    "=>": 0.03783059926347506, 
    "Console": 0.000262004919870162, 
    "System": 0.02788896813729058, 
    "as": 0.0016302528347476746, 
    "async": 0.004861646846479673, 
    "class": 0.016404419149648478, 
    "const": 0.006069780643658753, 
    "decimal": 0.0016011411769843234, 
    "delegate": 0.00046578652421362134, 
    "first_line": [
        "namespace", 
        "using", 
        "^#define .*$"
    ], 
    "get": 0.017583441289064205, 
    "interface": 0.0016739203213927017, 
    "namespace": 0.013900816582000262, 
    "override": 0.007758256793933131, 
    "public": 0.0996055370373066, 
    "set": 0.011309879041061992, 
    "struct": 1.4555828881675667e-05, 
    "this": 0.09394331960233475, 
    "unique": [
        "decimal"
    ], 
    "using": 0.047961456165121326, 
    "var": 0.09126504708810643, 
    "{": 0.20999694327593485, 
    "}": 0.20957482423836626
}