{
    ":": 0.02186081361011944, 
    ";": 0.41099211071444314, 
    "=>": 0.03821234959672088, 
    "Console": 0.0002644453259288642, 
    "System": 0.028045895955455653, 
    "as": 0.0016454375835573774, 
    "async": 0.004862855715691892, 
    "class": 0.016542524277550062, 
    "const": 0.00612631671735202, 
    "decimal": 0.0016013633625692333, 
    "delegate": 0.00017629688395257614, 
    "first_line": [
        "namespace", 
        "using"
    ], 
    "get": 0.017747219651226, 
    "interface": 0.0016895118045455212, 
    "namespace": 0.014015602274229802, 
    "override": 0.00783051992889359, 
    "public": 0.10053329807395654, 
    "set": 0.011415223235929304, 
    "struct": 1.469140699604801e-05, 
    "this": 0.09380463366976656, 
    "using": 0.048217197761029576, 
    "var": 0.09211512186522103, 
    "{": 0.21198231154597677, 
    "}": 0.2119970029529728
}