{
    "#if": 0.0030760787938305125, 
    ";": 0.40758766102478194, 
    "=>": 0.037620588065391945, 
    "Console": 0.0002599503206053954, 
    "System": 0.02781468430477731, 
    "as": 0.001603026977066605, 
    "async": 0.004823522615677893, 
    "class": 0.016376870198139912, 
    "const": 0.006094390849748715, 
    "decimal": 0.00157414360811045, 
    "delegate": 0.00017330021373693027, 
    "first_line": [
        "namespace", 
        "using", 
        "^#define .*$"
    ], 
    "get": 0.01754664664086419, 
    "interface": 0.001660793714978915, 
    "namespace": 0.0138784587834325, 
    "override": 0.007798509618161862, 
    "private": 0.02787245104268962, 
    "public": 0.0997198313211253, 
    "readonly": 0.011553347582462018, 
    "set": 0.011221188839466236, 
    "struct": 1.4441684478077524e-05, 
    "this": 0.0929033562474727, 
    "unique": [
        "decimal", 
        "readonly"
    ], 
    "using": 0.047498700248396974, 
    "var": 0.0918779966495292, 
    "{": 0.20986655883542257, 
    "}": 0.20983767546646642
}