{
    ":": 0.019482442115236573, 
    ";": 0.4076804642624504, 
    "=>": 0.03727719547580979, 
    "Console": 0.0002664771717889501, 
    "System": 0.028365014508201575, 
    "as": 0.0015988630307337006, 
    "async": 0.004737371942914668, 
    "class": 0.01656599751287973, 
    "const": 0.006158583525789068, 
    "decimal": 0.001450820157517617, 
    "delegate": 0.00017765144785930004, 
    "first_line": [
        "namespace", 
        "using"
    ], 
    "get": 0.017587493338070706, 
    "interface": 0.001702493041984959, 
    "namespace": 0.014138094392135963, 
    "override": 0.007875880855095635, 
    "public": 0.0995884408124593, 
    "set": 0.011266062651743946, 
    "struct": 1.4804287321608338e-05, 
    "this": 0.09400722449221295, 
    "using": 0.04873571386273465, 
    "var": 0.0905430212589566, 
    "{": 0.21053177000059217, 
    "}": 0.2098803813584414
}