{
    "&": 0.10033664961586576, 
    "::": 0.20172123577917356, 
    ";": 0.46112810369332136, 
    "<<": 0.02691887006241772, 
    "auto": 0.07119091439013368, 
    "bool": 0.02268455145040968, 
    "cin": 3.2748017107564136e-06, 
    "const_cast": 0.0006484107387297699, 
    "cout": 2.9473215396807724e-05, 
    "endl": 3.2748017107564136e-06, 
    "first_line": [
        "#include"
    ], 
    "forward_list": 1.3099206843025654e-05, 
    "friend": 0.0001670148872485771, 
    "inline": 0.00020303770606689764, 
    "iostream": 6.549603421512827e-06, 
    "namespace": 0.004728813670332261, 
    "reinterpret_cast": 0.0008056012208460777, 
    "static_cast": 0.0012509742535089501, 
    "std": 0.015931910322829954, 
    "template": 0.0014212639424682836, 
    "typename": 0.0008416240396643983, 
    "unordered_map": 9.82440513226924e-06, 
    "unordered_set": 6.549603421512827e-06, 
    "vector": 0.0017782173289407326, 
    "virtual": 0.0004519226360843851, 
    "{": 0.16282314105880888, 
    "}": 0.16333728492739766
}