{
    "#if": 0.011060247626655197, 
    "&": 0.09241451350271898, 
    "*": 0.0769301668254017, 
    "->": 0.09622415435190021, 
    "::": 0.4069863897508372, 
    "::~": 0.005038557252142923, 
    ";": 0.3824080616916034, 
    "<<": 0.008141571169621187, 
    ">>": 0.000860241482073182, 
    "NULL": 0.0069433776767335404, 
    "[]": 0.007834342068880765, 
    "auto": 0.0072506067774739625, 
    "bool": 0.027742787796860117, 
    "comments": [
        "//", 
        "/*"
    ], 
    "const_cast": 0.0004608436511106332, 
    "cout": 3.072291007404221e-05, 
    "delete": 0.0008909643921472241, 
    "endl": 3.072291007404221e-05, 
    "extern": 6.144582014808442e-05, 
    "false": 0.023933146947678886, 
    "first_line": [
        "^#include (\"((?!\\.c\").)*\"|<.*>)$", 
        "^#(if|ifdef|define|undef) .*$", 
        "(int|void|bool) \\w*\\("
    ], 
    "flags": [], 
    "friend": 0.0002457832805923377, 
    "inline": 3.072291007404221e-05, 
    "iostream": 6.144582014808442e-05, 
    "namespace": 0.011981934928876463, 
    "new": 0.009923499953915635, 
    "override": 0.001996989154812744, 
    "reinterpret_cast": 0.002734338996589757, 
    "static_cast": 0.005898798734216105, 
    "std": 0.03760484193062767, 
    "template": 0.0014746996835540262, 
    "true": 0.016068081968724078, 
    "typename": 0.0007373498417770131, 
    "unique": [
        "cout", 
        "cin", 
        "endl", 
        "friend", 
        "boost", 
        "delete", 
        "unique_ptr", 
        "::~"
    ], 
    "unique_ptr": 0.005253617622661218, 
    "vector": 0.006851208946511414, 
    "virtual": 0.0007066269317029709, 
    "{": 0.15352238163998894, 
    "}": 0.15346093581984085, 
    "~": 0.0009524102122953086
}