{
    "&": 0.05243520141817163, 
    "::": 0.2005937290223349, 
    ";": 0.457099656536559, 
    "<<": 0.027626973937185946, 
    "auto": 0.07064788805829103, 
    "bool": 0.022445694324054823, 
    "cin": 3.258666423352907e-06, 
    "const_cast": 0.0006452159518238756, 
    "cout": 2.9327997810176165e-05, 
    "delete": 0.00046924796496281864, 
    "endif": 0.0009124265985388139, 
    "endl": 3.258666423352907e-06, 
    "extern": 0.00025091731459817387, 
    "false": 0.018261566636469693, 
    "first_line": [
        "^#include (\".*\"|<.*>)$"
    ], 
    "forward_list": 1.3034665693411628e-05, 
    "friend": 0.00016619198759099826, 
    "ifdef": 6.191466204370523e-05, 
    "inline": 0.00020203731824788024, 
    "iostream": 6.517332846705814e-06, 
    "namespace": 0.0046859623167814805, 
    "new": 0.005471300924809531, 
    "reinterpret_cast": 0.000876581267881932, 
    "static_cast": 0.0012513279065675164, 
    "std": 0.015687220162020895, 
    "template": 0.0014077438948884558, 
    "true": 0.016739769416763882, 
    "typename": 0.0008309599379549913, 
    "unordered_map": 9.775999270058722e-06, 
    "unordered_set": 6.517332846705814e-06, 
    "vector": 0.0017499038693405112, 
    "virtual": 0.00044969596642270115, 
    "{": 0.16144411061217306, 
    "}": 0.16186121991436225
}