{
    "&": 0.0523521862563358, 
    "*": 0.11033043388081565, 
    "->": 0.15439260574791616, 
    "::": 0.20027935857715093, 
    ";": 0.4571660984431107, 
    "<<": 0.027511310457473976, 
    ">>": 0.0012185478539298168, 
    "NULL": 2.2685731323161484e-05, 
    "auto": 0.07076327763446157, 
    "bool": 0.022526931203899352, 
    "cin": 3.2408187604516403e-06, 
    "const_cast": 0.0006611270271321347, 
    "cout": 2.9167368844064765e-05, 
    "delete": 0.00046667790150503623, 
    "endl": 3.2408187604516403e-06, 
    "extern": 0.00024954304455477634, 
    "false": 0.01836571991547945, 
    "first_line": [
        "^#include (\"((?!\\.c\").)*\"|<.*>)$", 
        "^#ifdef .*$", 
        "^#define .*$"
    ], 
    "forward_list": 1.2963275041806561e-05, 
    "friend": 0.00016528175678303368, 
    "inline": 0.0002009307631480017, 
    "iostream": 6.481637520903281e-06, 
    "namespace": 0.004670019833810814, 
    "new": 0.00543161224251695, 
    "reinterpret_cast": 0.0008620577902801364, 
    "static_cast": 0.0012509560415343332, 
    "std": 0.015815195551004007, 
    "template": 0.001406515342036012, 
    "true": 0.01672910644145137, 
    "typename": 0.0008328904214360716, 
    "unique": [
        "cout", 
        "cin", 
        "endl", 
        "friend", 
        "boost", 
        "<<", 
        "::", 
        "delete"
    ], 
    "unordered_map": 9.722456281354921e-06, 
    "unordered_set": 6.481637520903281e-06, 
    "vector": 0.0017532829494043376, 
    "virtual": 0.0004472329889423264, 
    "{": 0.16132147625776175, 
    "}": 0.16175574597166228, 
    "~": 0.0011828988475648488
}