{
    "&": 0.10007811708410824,
    "::": 0.20169896486692312,
    ";": 0.46132223787469234,
    "<<": 0.026798408895542098,
    "auto": 0.07121074943373286,
    "bool": 0.02276835179489526,
    "cin": 3.2684972430225755e-06,
    "const_cast": 0.00064716245411847,
    "cout": 2.941647518720318e-05,
    "endl": 3.2684972430225755e-06,
    "first_line": [
        "^#include (\".*\"|<\\w*>)$"
    ],
    "forward_list": 1.3073988972090302e-05,
    "friend": 0.00016669335939415136,
    "inline": 0.00020264682906739968,
    "iostream": 6.536994486045151e-06,
    "namespace": 0.004719710018924599,
    "reinterpret_cast": 0.0008301982997277342,
    "static_cast": 0.001255102941320669,
    "std": 0.015937192556978078,
    "template": 0.0014185278034717977,
    "typename": 0.0008400037914568019,
    "unordered_map": 9.805491729067726e-06,
    "unordered_set": 6.536994486045151e-06,
    "vector": 0.0017747940029612585,
    "virtual": 0.0004510526195371154,
    "{": 0.16280384767495448,
    "}": 0.1633987141731846
}