{
    "#if": 0.010954872465663833, 
    "&": 0.0921517331589274, 
    "*": 0.07822105951602354, 
    "->": 0.09182472204054938, 
    "::": 0.4093852190974493, 
    ";": 0.38384565075212557, 
    "<<": 0.008665794637017658, 
    ">>": 0.0007848266841072596, 
    "NULL": 0.008600392413342053, 
    "[]": 0.008142576847612819, 
    "auto": 0.0063113145846958795, 
    "bool": 0.027076520601700457, 
    "comments": [
        "//", 
        "/*"
    ], 
    "const_cast": 0.0004578155657292348, 
    "cout": 3.2701111837802485e-05, 
    "delete": 0.0009156311314584696, 
    "endl": 3.2701111837802485e-05, 
    "extern": 6.540222367560497e-05, 
    "false": 0.023315892740353172, 
    "first_line": [
        "^#include (\"((?!\\.c\").)*\"|<.*>)$", 
        "^#(if|ifdef|define|undef) .*$", 
        "(int|void|bool) \\w*\\("
    ], 
    "friend": 0.0002616088947024199, 
    "inline": 3.2701111837802485e-05, 
    "iostream": 6.540222367560497e-05, 
    "namespace": 0.012393721386527142, 
    "new": 0.009908436886854152, 
    "override": 0.0017985611510791368, 
    "reinterpret_cast": 0.0028449967298888163, 
    "static_cast": 0.0058207979071288425, 
    "std": 0.03731196860693264, 
    "template": 0.0014715500327011119, 
    "true": 0.015990843688685415, 
    "typename": 0.0007848266841072596, 
    "unique": [
        "cout", 
        "cin", 
        "endl", 
        "friend", 
        "boost", 
        "delete", 
        "unique_ptr", 
        "::~"
    ], 
    "unique_ptr": 0.00474166121648136, 
    "vector": 0.0068672334859385216, 
    "virtual": 0.0007848266841072596, 
    "{": 0.15225637671680836, 
    "}": 0.15215827338129495, 
    "~": 0.006147809025506867
}