{
    "&": 0.052335128797276684, 
    "*": 0.11033196109360273, 
    "->": 0.15441745670319135, 
    "::": 0.20029409764171263, 
    ";": 0.45715988482255354, 
    "<<": 0.027502016253105353, 
    ">>": 0.0012048934219944874, 
    "NULL": 2.2672725682691966e-05, 
    "auto": 0.07082311711110607, 
    "bool": 0.02251401660291312, 
    "cin": 3.2389608118131377e-06, 
    "const_cast": 0.0006607480056098801, 
    "cout": 2.915064730631824e-05, 
    "delete": 0.00046641035690109185, 
    "endl": 3.2389608118131377e-06, 
    "extern": 0.0002493999825096116, 
    "false": 0.018355190920545054, 
    "first_line": [
        "^#include (\"((?!\\.c\").)*\"|<.*>)$", 
        "^#ifdef .*$", 
        "^#define .*$"
    ], 
    "forward_list": 1.2955843247252551e-05, 
    "friend": 0.00016518700140247003, 
    "inline": 0.00020081557033241454, 
    "iostream": 6.4779216236262754e-06, 
    "namespace": 0.004670581490634545, 
    "new": 0.005428498320598819, 
    "reinterpret_cast": 0.0008615635759422947, 
    "static_cast": 0.0012534778341716844, 
    "std": 0.015815845644083552, 
    "template": 0.001405708992326902, 
    "true": 0.01671951571057942, 
    "typename": 0.0008324129286359764, 
    "unique": [
        "cout", 
        "cin", 
        "endl", 
        "friend", 
        "boost", 
        "<<", 
        "::", 
        "delete"
    ], 
    "unordered_map": 9.716882435439414e-06, 
    "unordered_set": 6.4779216236262754e-06, 
    "vector": 0.0017522777991909077, 
    "virtual": 0.000446976592030213, 
    "{": 0.1612775757026116, 
    "}": 0.16171159645139455, 
    "~": 0.0011822206963117952
}