{
    "&": 0.10013576511000245, 
    "::": 0.20138382268749488, 
    ";": 0.4597791772307189, 
    "<<": 0.026482375071562935, 
    "auto": 0.07108530301791118, 
    "bool": 0.022622065919685942, 
    "cin": 3.2714484337940624e-06, 
    "const_cast": 0.0006477467898912243, 
    "cout": 2.944303590414656e-05, 
    "endl": 3.2714484337940624e-06, 
    "first_line": [
        "#include"
    ], 
    "forward_list": 6.542896867588125e-06, 
    "friend": 0.00016684387012349717, 
    "inline": 0.00020282980289523187, 
    "namespace": 0.004723971538398626, 
    "reinterpret_cast": 0.0008047763147133394, 
    "static_cast": 0.0012496933017093319, 
    "std": 0.01591232518197432, 
    "template": 0.001419808620266623, 
    "typename": 0.000840762247485074, 
    "unordered_map": 6.542896867588125e-06, 
    "unordered_set": 3.2714484337940624e-06, 
    "vector": 0.001727324773043265, 
    "virtual": 0.0004514598838635806, 
    "{": 0.16262370164390283, 
    "}": 0.16312750470270712
}