{
    "#if": 0.0010634089487989858, 
    "&": 0.054255124567724265, 
    "*": 0.11491622464301361, 
    "->": 0.14750758210580495, 
    "::": 0.20090772587869482, 
    ";": 0.46177470192647163, 
    "<<": 0.0324041974878027, 
    ">>": 0.0012973589175347628, 
    "NULL": 2.5521814771175663e-05, 
    "auto": 0.06615254388688732, 
    "bool": 0.02385864317525405, 
    "cin": 4.253635795195944e-06, 
    "comments": [
        "//", 
        "/*"
    ], 
    "const_cast": 0.0007188644493881144, 
    "cout": 3.8282722156763497e-05, 
    "delete": 0.0005444653817850808, 
    "endl": 4.253635795195944e-06, 
    "extern": 0.0002807399624829323, 
    "false": 0.019290238331213606, 
    "first_line": [
        "^#include (\"((?!\\.c\").)*\"|<.*>)$", 
        "^#(if|ifdef|define|undef) .*$", 
        "(int|void|bool) \\w*\\("
    ], 
    "forward_list": 1.7014543180783776e-05, 
    "friend": 0.00017014543180783774, 
    "inline": 0.00023820360453097284, 
    "iostream": 8.507271590391888e-06, 
    "namespace": 0.005687111058176977, 
    "new": 0.005019290238331213, 
    "reinterpret_cast": 0.000829458980063209, 
    "static_cast": 0.0012378080164020197, 
    "std": 0.017886538518798942, 
    "template": 0.0016333961453552424, 
    "true": 0.017137898618844457, 
    "typename": 0.0009740825970998711, 
    "unique": [
        "cout", 
        "cin", 
        "endl", 
        "friend", 
        "boost", 
        "::", 
        "delete"
    ], 
    "unordered_map": 1.2760907385587832e-05, 
    "unordered_set": 8.507271590391888e-06, 
    "vector": 0.0021268178975979717, 
    "virtual": 0.0005061826596283173, 
    "{": 0.16365863722016394, 
    "}": 0.16335662907870502, 
    "~": 0.0012803443743539791
}