{
    "&": 0.09957079317291877, 
    "::": 0.2000726699389767, 
    ";": 0.46005262082188403, 
    "<<": 0.027861135532680385, 
    "auto": 0.0704282011270329, 
    "bool": 0.02243035527165256, 
    "cin": 3.2441937043176973e-06, 
    "const_cast": 0.0006455945471592218, 
    "cout": 2.9197743338859275e-05, 
    "delete": 0.0004671638934217484, 
    "endl": 3.2441937043176973e-06, 
    "extern": 0.0002498029152324627, 
    "false": 0.020480594855357623, 
    "first_line": [
        "^#include (\".*\"|<.*>)$"
    ], 
    "forward_list": 1.297677481727079e-05, 
    "friend": 0.00016545387892020257, 
    "inline": 0.00020114000966769724, 
    "iostream": 6.488387408635395e-06, 
    "namespace": 0.004681371515330437, 
    "new": 0.005447001229549414, 
    "reinterpret_cast": 0.0008726881064614606, 
    "static_cast": 0.0012425261887536781, 
    "std": 0.015682432366671748, 
    "template": 0.0014014916802652453, 
    "true": 0.01923158027919531, 
    "typename": 0.0008272693946010128, 
    "unordered_map": 9.732581112953092e-06, 
    "unordered_set": 6.488387408635395e-06, 
    "vector": 0.0017518646003315565, 
    "virtual": 0.0004476987311958422, 
    "{": 0.1613175319471975, 
    "}": 0.1616062651868818
}