{
    "&": 0.052442209424933085, 
    "*": 0.11046475788790656, 
    "->": 0.15442290534512126, 
    "::": 0.20052234568902588, 
    ";": 0.4573282504663801, 
    "<<": 0.02757076810771352, 
    ">>": 0.001210154919295969, 
    "NULL": 2.2710682131559738e-05, 
    "auto": 0.07068537594289885, 
    "bool": 0.022541974207153866, 
    "cin": 3.2443831616513912e-06, 
    "const_cast": 0.0006456322491686269, 
    "cout": 2.919944845486252e-05, 
    "delete": 0.0004704355584394517, 
    "endl": 3.2443831616513912e-06, 
    "extern": 0.0002498175034471571, 
    "false": 0.018330764863330358, 
    "first_line": [
        "^#include (\"((?!\\.c\").)*\"|<.*>)$", 
        "^#ifdef .*$", 
        "^#define .*$"
    ], 
    "forward_list": 1.2977532646605565e-05, 
    "friend": 0.00016546354124422093, 
    "inline": 0.00020115175602238624, 
    "iostream": 6.4887663233027825e-06, 
    "namespace": 0.004671911752778003, 
    "new": 0.005447319328412686, 
    "reinterpret_cast": 0.0008597615378376186, 
    "static_cast": 0.0012458431340741341, 
    "std": 0.015822856679373835, 
    "template": 0.0014080622921567036, 
    "true": 0.01677021656257604, 
    "typename": 0.0008338064725444074, 
    "unique": [
        "cout", 
        "cin", 
        "endl", 
        "friend", 
        "boost", 
        "<<", 
        "::", 
        "delete"
    ], 
    "unordered_map": 9.733149484954173e-06, 
    "unordered_set": 6.4887663233027825e-06, 
    "vector": 0.0017584556736150538, 
    "virtual": 0.00044772487630789196, 
    "{": 0.1613950847595101, 
    "}": 0.1618298321031714, 
    "~": 0.0011841998540027578
}