{
    "&": 0.14201284850947132, 
    ";": 0.517431821644406, 
    "calloc(": 4.443654461429079e-05, 
    "first_line": [
        "^#include (\"((?!\\.cpp\"|\\.cc\").)*\"|<.*>)$"
    ], 
    "free(": 0.008049362652988674, 
    "getchar(": 6.348077802041542e-06, 
    "malloc(": 0.0001333096338428724, 
    "printf(": 0.003700929358590219, 
    "putchar(": 0.0005776750799857803, 
    "realloc(": 5.0784622416332335e-05, 
    "static": 0.040627697933065865, 
    "stddef": 6.348077802041542e-06, 
    "stdio": 5.713270021837388e-05, 
    "stdlib": 2.5392311208166168e-05, 
    "typedef": 0.0003110558123000355, 
    "va_end(": 0.0005522827687776141, 
    "va_start(": 0.0005332385353714896, 
    "{": 0.12206718805545681, 
    "}": 0.12251790157940176
}