{
    "#if": 0.0024980900525083975, 
    "&": 0.08647514642930769, 
    "*": 0.23326219031565673, 
    "->": 0.171913464220317, 
    ";": 0.4907655554612372, 
    "NULL": 0.02800043655942665, 
    "calloc": 8.48865551823242e-05, 
    "first_line": [
        "^#include (\"((?!\\.cpp\"|\\.cc\").)*\"|<.*>)$", 
        "^#[ifdef|define|undef] .*$"
    ], 
    "free": 0.0002546596655469726, 
    "malloc": 4.24432775911621e-05, 
    "memcpy(": 0.001303614954585693, 
    "printf": 0.0001273298327734863, 
    "putchar": 4.24432775911621e-05, 
    "realloc": 3.637995222099608e-05, 
    "scanf": 1.2126650740332028e-05, 
    "static": 0.03879921904369232, 
    "stddef": 6.063325370166014e-06, 
    "stdio": 7.275990444199217e-05, 
    "stdlib": 2.4253301480664055e-05, 
    "typedef": 0.00028497629239780263, 
    "unique": [
        "static"
    ], 
    "{": 0.1145180262663255, 
    "}": 0.11651892363848029
}