{
    "#if": 0.0026829720705919763, 
    "&": 0.0937980285123748, 
    "*": 0.18088531453707138, 
    "->": 0.17906354337802746, 
    ";": 0.5313212146907627, 
    "NULL": 0.02908871694313424, 
    "calloc": 5.2996979172187185e-05, 
    "comments": [
        "//", 
        "/*"
    ], 
    "first_line": [
        "^#include (\"((?!\\.cpp\"|\\.cc\").)*\"|<.*>)$", 
        "^#(ifdef|define|undef) .*$", 
        "(int|void) \\w*\\("
    ], 
    "fprintf(": 0.00409401664105146, 
    "free": 0.00017886480470613174, 
    "malloc": 1.9873867189570195e-05, 
    "memcpy(": 0.0014044199480629605, 
    "printf(": 0.003842280989983571, 
    "putchar": 4.6372356775663784e-05, 
    "realloc": 6.624622396523398e-06, 
    "static": 0.0420994753299062, 
    "stddef": 6.624622396523398e-06, 
    "stdio": 5.2996979172187185e-05, 
    "stdlib": 2.6498489586093593e-05, 
    "typedef": 0.00032460649742964653, 
    "unique": [
        "static", 
        "printf(", 
        "fprintf("
    ], 
    "{": 0.12549684667973926, 
    "}": 0.1254769728125497
}