{
    "&": 0.14550813301650234, 
    ";": 0.5273004161688831, 
    "calloc(": 3.938506780795841e-05, 
    "first_line": [
        "#include"
    ], 
    "free(": 0.008290556773575245, 
    "getchar(": 6.564177967993068e-06, 
    "malloc(": 0.00013128355935986138, 
    "printf(": 0.003859736645179924, 
    "putchar(": 0.0005973401950873692, 
    "realloc(": 4.594924577595148e-05, 
    "static": 0.04206981659686757, 
    "stddef": 6.564177967993068e-06, 
    "stdio": 5.907760171193762e-05, 
    "stdlib": 2.6256711871972273e-05, 
    "typedef": 0.00032164472043166034, 
    "va_end(": 0.0005448267713434247, 
    "va_start(": 0.0005251342374394455, 
    "{": 0.12612411547701882, 
    "}": 0.12662299300258628
}