{
    "#if": 0.0006646076859924157, 
    "&": 0.0950193518120333, 
    "*": 0.18130758304338193, 
    "->": 0.18157472927010437, 
    ";": 0.5293730534162138, 
    "NULL": 0.028864824009278443, 
    "calloc": 5.212609301901299e-05, 
    "class": 3.257880813688312e-05, 
    "comments": [
        "//", 
        "/*"
    ], 
    "first_line": [
        "^#include (\"((?!\\.cpp\"|\\.cc\").)*\"|<.*>)$", 
        "^#(if|ifdef|define|undef) .*$", 
        "(int|void) \\w*\\("
    ], 
    "flags": [
        "namespace", 
        "template", 
        "class"
    ], 
    "fprintf(": 0.00417008744152104, 
    "free": 0.00017592556393916886, 
    "malloc": 1.954728488212987e-05, 
    "memcpy(": 0.001348762656866961, 
    "namespace": 3.909456976425974e-05, 
    "printf(": 0.0036292792264487794, 
    "putchar": 4.561033139163637e-05, 
    "realloc": 6.515761627376624e-06, 
    "static": 0.041733453223347275, 
    "stdarg": 6.515761627376624e-06, 
    "stddef": 1.3031523254753248e-05, 
    "stdio": 5.864185464638962e-05, 
    "stdlib": 3.257880813688312e-05, 
    "template": 0.0004561033139163637, 
    "typedef": 0.00031927231974145456, 
    "unique": [
        "static", 
        "printf(", 
        "fprintf(", 
        "putchar"
    ], 
    "{": 0.12506352867586693, 
    "}": 0.12519384390841445
}