{
    "&": 0.14557260611461295,
    ";": 0.5277948865795646,
    "calloc(": 3.9313842403910417e-05,
    "first_line": [
        "^#include (\".*\"|<\\w*>)$"
    ],
    "free(": 0.008308325361359736,
    "getchar(": 6.5523070673184025e-06,
    "malloc(": 0.00013104614134636805,
    "printf(": 0.003800338099044674,
    "putchar(": 0.0005962599431259747,
    "realloc(": 4.586614947122882e-05,
    "static": 0.042078915986318785,
    "stddef": 6.5523070673184025e-06,
    "stdio": 5.8970763605865625e-05,
    "stdlib": 2.620922826927361e-05,
    "typedef": 0.00032106304629860174,
    "va_end(": 0.0005700507148567011,
    "va_start(": 0.0005503937936547458,
    "{": 0.12616467258121586,
    "}": 0.126682304839534
}