{
    "#if": 0.000669007087500828, 
    "&": 0.09378684506855667, 
    "*": 0.18086374776445652, 
    "->": 0.1790421938133404, 
    ";": 0.5312644896337021, 
    "NULL": 0.029085248724912235, 
    "calloc": 5.2990660396105184e-05, 
    "comments": [
        "//", 
        "/*"
    ], 
    "first_line": [
        "^#include (\"((?!\\.cpp\"|\\.cc\").)*\"|<.*>)$", 
        "^#(if|ifdef|define|undef) .*$", 
        "(int|void) \\w*\\("
    ], 
    "fprintf(": 0.004093528515599126, 
    "free": 0.000178843478836855, 
    "malloc": 1.9871497648539446e-05, 
    "memcpy(": 0.0014042525004967874, 
    "printf(": 0.003841822878717626, 
    "putchar": 4.636682784659204e-05, 
    "realloc": 6.623832549513148e-06, 
    "static": 0.04209445585215606, 
    "stddef": 6.623832549513148e-06, 
    "stdio": 5.2990660396105184e-05, 
    "stdlib": 2.6495330198052592e-05, 
    "typedef": 0.0003245677949261443, 
    "unique": [
        "static", 
        "printf(", 
        "fprintf(", 
        "putchar"
    ], 
    "{": 0.1254818838179771, 
    "}": 0.12546201232032855
}