{
    "&": 0.14482641252552758, 
    ";": 0.5221500759281562, 
    "calloc(": 3.9273184269780595e-05, 
    "first_line": [
        "#include"
    ], 
    "free(": 0.008267005288788815, 
    "getchar(": 6.545530711630099e-06, 
    "malloc(": 0.000130910614232602, 
    "printf(": 0.0038487720584384983, 
    "putchar(": 0.000595643294758339, 
    "realloc(": 4.581871498141069e-05, 
    "static": 0.0419503063308373, 
    "typedef": 0.00032073100486987484, 
    "va_end(": 0.0005432790490652982, 
    "va_start(": 0.000523642456930408, 
    "{": 0.12384144106404148, 
    "}": 0.12603419385243755
}