{
    "#if": 0.0024563245309429595, 
    "&": 0.09424210611321973, 
    "*": 0.1815392069773076, 
    "->": 0.1793991762900751, 
    ";": 0.5314073057148241, 
    "NULL": 0.029125952246359256, 
    "calloc": 5.383724999327034e-05, 
    "comments": [
        "//", 
        "/*"
    ], 
    "first_line": [
        "^#include (\"((?!\\.cpp\"|\\.cc\").)*\"|<.*>)$", 
        "^#(ifdef|define|undef) .*$"
    ], 
    "free": 0.0001817007187272874, 
    "malloc": 1.3459312498317585e-05, 
    "memcpy(": 0.001399768499825029, 
    "printf": 0.00014132278123233464, 
    "putchar": 4.710759374411155e-05, 
    "realloc": 6.7296562491587926e-06, 
    "static": 0.04247086058844114, 
    "stddef": 6.7296562491587926e-06, 
    "stdio": 5.383724999327034e-05, 
    "stdlib": 2.691862499663517e-05, 
    "typedef": 0.00031629384371046324, 
    "unique": [
        "static"
    ], 
    "{": 0.12525236210934346, 
    "}": 0.12505720207811785
}