{
    "&": 0.09145126529948358, 
    ";": 0.5242894126895916, 
    "calloc(": 4.066307927945023e-05, 
    "endif": 0.0027583122111227076, 
    "first_line": [
        "^#include (\"((?!\\.cpp\"|\\.cc\").)*\"|<.*>)$"
    ], 
    "free(": 0.008390148691326565, 
    "getchar(": 6.777179879908372e-06, 
    "ifdef": 0.0015384198327392006, 
    "malloc(": 0.00013554359759816744, 
    "memcpy": 0.00015587513723789258, 
    "printf(": 0.0036867858546701547, 
    "putchar(": 0.0005489515702725782, 
    "realloc(": 4.7440259159358605e-05, 
    "static": 0.04222183065182916, 
    "stddef": 6.777179879908372e-06, 
    "stdio": 5.421743903926698e-05, 
    "stdlib": 2.710871951963349e-05, 
    "typedef": 0.0003185274543556935, 
    "va_end(": 0.0005896146495520284, 
    "va_start(": 0.0005692831099123033, 
    "{": 0.12273472762514062, 
    "}": 0.1239275112840045
}