{
    "#if": 0.002498453627002705, 
    "&": 0.08643921844489455, 
    "*": 0.2332536900704661, 
    "->": 0.17192635626008174, 
    ";": 0.49078846830238565, 
    "NULL": 0.0280045117706274, 
    "calloc": 0.00012128415665061673, 
    "first_line": [
        "^#include (\"((?!\\.cpp\"|\\.cc\").)*\"|<.*>)$", 
        "^#[ifdef|define|undef] .*$"
    ], 
    "free": 0.007968369091945518, 
    "getchar": 6.064207832530836e-06, 
    "malloc": 0.0001637336114783326, 
    "printf": 0.003638524699518502, 
    "putchar": 0.0005942923675880219, 
    "realloc": 7.883470182290087e-05, 
    "scanf": 1.2128415665061673e-05, 
    "static": 0.03879273750469976, 
    "stddef": 6.064207832530836e-06, 
    "stdio": 7.277049399037004e-05, 
    "stdlib": 2.4256831330123345e-05, 
    "typedef": 0.0002850177681289493, 
    "unique": [
        "static"
    ], 
    "va_end": 0.0005275860814301828, 
    "va_start": 0.0005093934579325903, 
    "{": 0.11452256491734485, 
    "}": 0.11652375350208002
}