{
    "!": 0.0922553977446579, 
    ";": 0.45837297149946316, 
    "=>": 0.002125162029696636, 
    "@": 0.00016689754159921225, 
    "Typedef": 0.00017802404437249305, 
    "alias": 0.01240048734082147, 
    "auto": 0.0394990848451469, 
    "class": 0.0023643818393221734, 
    "comments": [
        "//", 
        "/*", 
        "/+"
    ], 
    "first_line": [
        "^module .*;$", 
        "^deprecated(.*)$", 
        "^Ddoc$", 
        "^(public )?import .*;$", 
        "^#!.*(-run|rdmd)$"
    ], 
    "flags": [], 
    "foreach": 0.009485343614221896, 
    "immutable": 0.009874771211286725, 
    "inout": 0.0010069485009819139, 
    "is": 0.0038497699595551626, 
    "nogc": 5.563251386640408e-06, 
    "private": 0.007933196477349223, 
    "pure": 0.01021969279725843, 
    "safe": 5.006926247976367e-05, 
    "static": 0.03368548714610767, 
    "template": 0.002331002331002331, 
    "this": 0.007543768880284393, 
    "unique": [
        "inout", 
        "immutable", 
        "safe", 
        "pure", 
        "unittest", 
        "nogc", 
        "Typedef", 
        "writefln("
    ], 
    "unittest": 0.017807967688635948, 
    "writefln(": 0.0005730148928239621, 
    "{": 0.12938453749909598, 
    "}": 0.1291953869519502, 
    "~": 0.012083382011782967
}