{
    ":=": 0.07528406203630303, 
    "const": 0.0034834441124458808, 
    "defer": 0.004644592149927841, 
    "false": 0.005726975222066387, 
    "first_line": [
        "^package \\w*$", 
        "^import (\\(|\".*\")$"
    ], 
    "func": 0.042022379413378864, 
    "nil": 0.04333343496554668, 
    "struct": 0.009520397585218611, 
    "true": 0.007401365936947375, 
    "type": 0.011314206150781552, 
    "uint64": 0.0022003374189483098, 
    "unique": [
        "func", 
        ":="
    ], 
    "var": 0.012701485862959123, 
    "{": 0.20916671748277335, 
    "}": 0.21020082525357237
}