{
    ":=": 0.07488307563211231, 
    "const": 0.003492930483733549, 
    "defer": 0.004630642549916473, 
    "false": 0.005649950192921989, 
    "first_line": [
        "^package \\w*$", 
        "^import (\\(|\".*\")$"
    ], 
    "func": 0.04212880856836183, 
    "nil": 0.04273370073024641, 
    "struct": 0.00957274021297352, 
    "true": 0.007366814328994412, 
    "type": 0.011384842689427773, 
    "uint64": 0.0022265179575751805, 
    "var": 0.012622941114391543, 
    "{": 0.20858998350060104, 
    "}": 0.20978174975997363
}