{
    ":=": 0.07569427625736659, 
    "comments": [
        "//", 
        "/*"
    ], 
    "const": 0.003491563736175022, 
    "defer": 0.00472521595220796, 
    "false": 0.005736861225478324, 
    "first_line": [
        "^package \\w*$", 
        "^import (\\(|\".*\")$"
    ], 
    "func": 0.04219897876806329, 
    "nil": 0.04338722047307661, 
    "struct": 0.00950845644627432, 
    "true": 0.007530576410753209, 
    "type": 0.011360196173407605, 
    "uint64": 0.002222592233793493, 
    "unique": [
        "func", 
        ":="
    ], 
    "var": 0.012767922015015743, 
    "{": 0.20951400661984337, 
    "}": 0.21052312908694598
}