{
    ":=": 0.0756917938329503, 
    "Printf": 1.0090893725230009e-05, 
    "comments": [
        "//", 
        "/*"
    ], 
    "const": 0.003493971952360891, 
    "defer": 0.004725060986838952, 
    "false": 0.00573667308279326, 
    "first_line": [
        "^package \\w*$", 
        "^import (\\(|\".*\")$"
    ], 
    "fmt": 0.007028307479622701, 
    "func": 0.04219759483548059, 
    "nil": 0.043385797571626424, 
    "struct": 0.009508144612597975, 
    "true": 0.007530329442452894, 
    "type": 0.011359823611177683, 
    "uint64": 0.0022225193429819094, 
    "unique": [
        "func", 
        ":=", 
        "Printf"
    ], 
    "var": 0.012767503285847269, 
    "{": 0.20950713552322545, 
    "}": 0.21051622489574845
}