{
    ":=": 0.0751171809820449,
    "const": 0.0035268062557199994,
    "defer": 0.004629091221665461,
    "false": 0.005706094422336945,
    "first_line": [
        "^package \\w*$",
        "^import (\\(|\".*\")$"
    ],
    "func": 0.0418489060580166,
    "nil": 0.0432469876776676,
    "struct": 0.009687972452988558,
    "true": 0.007389859989583913,
    "type": 0.01134392807843415,
    "uint64": 0.002196985402308731,
    "var": 0.012650995343098836,
    "{": 0.2087287822784938,
    "}": 0.21008641307370646
}