{
    ":=": 0.06968527136818564, 
    "Printf": 9.279924275817909e-06, 
    "comments": [
        "//", 
        "/*"
    ], 
    "const": 0.003213173780501951, 
    "def": 3.7119697103271634e-05, 
    "defer": 0.004359244428565463, 
    "false": 0.005245477196906073, 
    "first_line": [
        "^package \\w*$", 
        "^import (\\(|\".*\")$"
    ], 
    "flags": [
        "def"
    ], 
    "fmt": 0.006421707598865993, 
    "func": 0.03878080354864304, 
    "nil": 0.03972503584370751, 
    "struct": 0.008750968592096288, 
    "true": 0.006841624172346753, 
    "type": 0.010439914810295148, 
    "uint64": 0.00204158334067994, 
    "unique": [
        "func", 
        ":=", 
        "Printf"
    ], 
    "var": 0.011718224379289065, 
    "{": 0.212772423777022, 
    "}": 0.2136980962235348
}