{
    ":=": 0.07582827576843978, 
    "const": 0.003487079953941381, 
    "defer": 0.004721511285870161, 
    "false": 0.00571710152506323, 
    "first_line": [
        "^package \\w*$", 
        "^import (\\(|\".*\")$"
    ], 
    "func": 0.04224218989626754, 
    "nil": 0.04321263896780422, 
    "struct": 0.009538559008834607, 
    "true": 0.007451842093354184, 
    "type": 0.01135123719686037, 
    "uint64": 0.0022174509872936537, 
    "unique": [
        "func", 
        ":="
    ], 
    "var": 0.012759142585618246, 
    "{": 0.20958431593396923, 
    "}": 0.21059750499052177
}