{
    ":=": 0.0750997436247516, 
    "const": 0.003527055932280526, 
    "defer": 0.004621833866816345, 
    "false": 0.005696384957296075, 
    "first_line": [
        "package", 
        "import"
    ], 
    "func": 0.04182911350799213, 
    "import": 0.0039037809028251843, 
    "nil": 0.04326521943597445, 
    "package": 0.004674929332463579, 
    "struct": 0.009683601591852628, 
    "true": 0.007392911502500543, 
    "type": 0.011342202804451928, 
    "uint64": 0.0021971409355926717, 
    "var": 0.012629135757520593, 
    "{": 0.20869804861521968, 
    "}": 0.21005324716697765
}