{
    "!!": 1.7271157167530226e-05, 
    "$": 0.07184801381692574, 
    "()": 0.014818652849740932, 
    "->": 0.1559412780656304, 
    ":": 0.017875647668393783, 
    "::": 0.09284974093264249, 
    "<-": 0.05079447322970639, 
    "Bool": 0.010518134715025907, 
    "Char": 0.002694300518134715, 
    "Control": 0.004265975820379965, 
    "Monad": 0.0027115716753022454, 
    "Monoid": 0.0026079447322970638, 
    "`": 0.027962003454231433, 
    "elem": 0.0017098445595854922, 
    "first_line": [], 
    "foldr": 0.0006735751295336787, 
    "head": 0.000621761658031088, 
    "let": 0.019101899827288427, 
    "map": 0.013626943005181347, 
    "mapM": 0.001398963730569948, 
    "maybe": 0.002538860103626943, 
    "module": 0.006062176165803109, 
    "of": 0.01854922279792746, 
    "qualified": 0.010189982728842832, 
    "tail": 0.00022452504317789292, 
    "take": 0.0005699481865284974, 
    "then": 0.006303972366148532, 
    "where": 0.03673575129533679
}