{
    "!!": 1.7392816766675363e-05, 
    "$": 0.07268458126793634, 
    "()": 0.014905643969040787, 
    "->": 0.15719627793721194, 
    ":": 0.017897208452908948, 
    "::": 0.09348639012088007, 
    "<-": 0.051447951995825726, 
    "Bool": 0.010592225410905296, 
    "Char": 0.0027132794156013566, 
    "Control": 0.00427863292460214, 
    "Monad": 0.002730672232368032, 
    "Monoid": 0.00262631533176798, 
    "`": 0.028228541612314115, 
    "elem": 0.001721888859900861, 
    "first_line": [
        "import", 
        "where", 
        "{-"
    ], 
    "foldr": 0.0006783198539003391, 
    "head": 0.0006261414036003131, 
    "let": 0.01923645534394295, 
    "map": 0.013722932428906862, 
    "mapM": 0.0014088181581007045, 
    "maybe": 0.0025567440647012783, 
    "module": 0.006104878685103053, 
    "of": 0.01864509957387599, 
    "qualified": 0.010261761892338465, 
    "tail": 0.00022610661796677972, 
    "take": 0.000573962953300287, 
    "then": 0.006365770936603183, 
    "where": 0.036994521262718495
}