{
    "!!": 1.797300454717015e-05,
    "$": 0.07444418483437876,
    "()": 0.015079350815075757,
    "->": 0.15995974046981434,
    ":": 0.017595571451679577,
    "::": 0.09651503441830371,
    "<-": 0.04561548554071784,
    "Bool": 0.010532180664641708,
    "Char": 0.0028037887093585435,
    "Control": 0.004403386114056686,
    "Monad": 0.0028217617139057135,
    "Monoid": 0.0027139236866226928,
    "`": 0.02712126386167976,
    "elem": 0.0014917593774151224,
    "first_line": [
        "^import .*$",
        "^module .* where$",
        "^{-# LANGUAGE .* #-}$"
    ],
    "foldr": 0.0007009471773396359,
    "head": 0.0005751361455094448,
    "let": 0.019644493970056975,
    "map": 0.013857186505868186,
    "mapM": 0.001455813368320782,
    "maybe": 0.002606085659339672,
    "module": 0.0063624436096982335,
    "of": 0.01897949280181168,
    "qualified": 0.01058609967828322,
    "tail": 0.00019770305001887167,
    "take": 0.0005391901364151045,
    "then": 0.006578119664264275,
    "where": 0.03831844569456676
}