{
    ";": 0.5243991608788302, 
    "@": 0.07681016080700029, 
    "Comparable": 9.208968061456969e-05, 
    "Object": 0.023832809343050636, 
    "String": 0.06473720367843021, 
    "System": 0.0012358435138475252, 
    "[]": 0.014159709291296237, 
    "boolean": 0.012833617890446432, 
    "class": 0.05306575755733964, 
    "extends": 0.008606701550237683, 
    "final": 0.020077392167588484, 
    "first_line": [
        "^(import|package) .*;$"
    ], 
    "import": 0.09493525174555989, 
    "interface": 0.0027792665609477135, 
    "java": 0.0235620656820438, 
    "lang": 0.004727884202752008, 
    "out": 0.0008730101722261206, 
    "private": 0.032581329001434754, 
    "public": 0.1004551072015972, 
    "super": 0.0017147098530432877, 
    "util": 0.01892258757268178, 
    "{": 0.19414346467163582, 
    "}": 0.19383035975754628
}