{
    ";": 0.4271942359757141, 
    "@": 0.1384884062782932, 
    "Object": 0.01974143214239223, 
    "String": 0.05452625389614284, 
    "System": 0.0010311706053483382, 
    "[]": 0.011595915686810817, 
    "boolean": 0.010452120774211666, 
    "class": 0.0478316895547537, 
    "extends": 0.006995870929618584, 
    "final": 0.01619596044400305, 
    "first_line": [
        "^(import|package) [^::]*;$"
    ], 
    "import": 0.07546121116472548, 
    "interface": 0.0030788852826358184, 
    "java": 0.020352821238896632, 
    "lang": 0.004013520767483461, 
    "out": 0.0008951438446428128, 
    "println(": 0.00031593312163863977, 
    "private": 0.026364326470076308, 
    "public": 0.08199488363861346, 
    "super": 0.0014685039542833072, 
    "unique": [
        "java", 
        "println("
    ], 
    "util": 0.01571767280152233, 
    "void": 0.044254039482864285, 
    "{": 0.18843362991067575, 
    "}": 0.18431772340932792
}