{
    ";": 0.42714574655852194, 
    "@": 0.13845235203034764, 
    "Object": 0.0197429465433013, 
    "String": 0.05454117040987469, 
    "System": 0.0010317848267625959, 
    "[]": 0.011604286370781024, 
    "boolean": 0.010451029004130067, 
    "class": 0.04784408194566812, 
    "extends": 0.007004428625369906, 
    "final": 0.01619097239499943, 
    "first_line": [
        "^(import|package) [^::]*;$"
    ], 
    "import": 0.07545640013932754, 
    "interface": 0.0030807192345181054, 
    "java": 0.020348845718166145, 
    "lang": 0.004014447914623831, 
    "out": 0.0008956770411045513, 
    "println(": 0.00031612130862513575, 
    "private": 0.026363931729505533, 
    "public": 0.08199981852295246, 
    "super": 0.0014693786752760939, 
    "unique": [
        "java", 
        "println("
    ], 
    "util": 0.015703618710869012, 
    "void": 0.044258446732095974, 
    "{": 0.18839220117023425, 
    "}": 0.1842811606335305
}