{
    ";": 0.5254776889547241, 
    "Object": 0.021318162666480244, 
    "String": 0.061418905769677686, 
    "System": 0.0012167771654004501, 
    "[]": 0.013582936400720242, 
    "boolean": 0.012693026393105936, 
    "class": 0.054293957492154245, 
    "comments": [
        "//", 
        "/*"
    ], 
    "extends": 0.008606242218010948, 
    "final": 0.018928064663015075, 
    "first_line": [
        "^(import|package) [^::]*;$"
    ], 
    "flags": [], 
    "import": 0.09634456710885055, 
    "interface": 0.002059452034606352, 
    "java": 0.023927431712160403, 
    "lang": 0.0046252647529507794, 
    "out": 0.0008729053577872794, 
    "println(": 0.00039866456816691766, 
    "private": 0.03345381442636703, 
    "public": 0.10087158277391184, 
    "super": 0.001749589526647231, 
    "unique": [
        "java", 
        "println("
    ], 
    "util": 0.019330508042254665, 
    "void": 0.054186261376583084, 
    "{": 0.19258710631873893, 
    "}": 0.19264378848482902
}