{
    ";": 0.4271926873857404, 
    "@": 0.1384833638025594, 
    "Object": 0.019746983546617917, 
    "String": 0.054540402193784275, 
    "System": 0.0010310786106032907, 
    "[]": 0.011594881170018282, 
    "boolean": 0.010451188299817185, 
    "class": 0.04782888482632541, 
    "extends": 0.006996709323583181, 
    "final": 0.01619597806215722, 
    "first_line": [
        "^(import|package) [^::]*;$"
    ], 
    "import": 0.07545740402193785, 
    "interface": 0.0030786106032906764, 
    "java": 0.020352468007312614, 
    "lang": 0.004013162705667276, 
    "out": 0.0008950639853747714, 
    "println(": 0.0003159049360146252, 
    "private": 0.02636782449725777, 
    "public": 0.0820036563071298, 
    "super": 0.0014683729433272396, 
    "unique": [
        "java", 
        "println("
    ], 
    "util": 0.015720658135283363, 
    "void": 0.04425886654478976, 
    "{": 0.18843875685557587, 
    "}": 0.18432321755027423
}