{
    ";": 0.5252354964788098, 
    "@": 0.07809117270942527, 
    "Comparable": 9.005601484123125e-05, 
    "Object": 0.023517227715639126, 
    "String": 0.0650960897678356, 
    "System": 0.0012085517191693233, 
    "boolean": 0.012660074566380288, 
    "extends": 0.00857513373318204, 
    "final": 0.019844743430413717, 
    "first_line": [
        "package", 
        "import", 
        "java"
    ], 
    "import": 0.09283694457952847, 
    "interface": 0.002762918535328975, 
    "java": 0.023039930836980603, 
    "lang": 0.0046270780425424615, 
    "package": 0.011440716125430017, 
    "private": 0.03237513733542263, 
    "public": 0.10060877866032672, 
    "super": 0.0017074620413897444, 
    "util": 0.018497505448388896, 
    "{": 0.19375191369031539, 
    "}": 0.1938924010734677
}