{
    ";": 0.5252870499762292, 
    "@": 0.0780887585898895, 
    "Object": 0.023525852506014723, 
    "String": 0.06509767622779594, 
    "System": 0.0012029446933571521, 
    "[]": 0.014129197700718885, 
    "boolean": 0.012657931511388356, 
    "class": 0.053365363836745276, 
    "comments": [
        "//", 
        "/*"
    ], 
    "extends": 0.008568279717055883, 
    "final": 0.01986119314825753, 
    "first_line": [
        "^(import|package) [^::]*;$"
    ], 
    "import": 0.09288785962283722, 
    "interface": 0.0027678532839669804, 
    "java": 0.023046835607162922, 
    "lang": 0.004626294786279227, 
    "out": 0.0008517856885597799, 
    "println(": 0.00038177286675406626, 
    "private": 0.0323642545344532, 
    "public": 0.10062956506706236, 
    "super": 0.0017089738233472117, 
    "unique": [
        "java", 
        "println("
    ], 
    "util": 0.018526788930027516, 
    "void": 0.05440083269704522, 
    "{": 0.19394241712647486, 
    "}": 0.19390820163369973
}