{
    ";": 0.525253253022465, 
    "@": 0.07809595515656297, 
    "Comparable": 9.006153003732149e-05, 
    "Object": 0.023518667953946137, 
    "String": 0.06510007637217748, 
    "System": 0.0012086257331008546, 
    "boolean": 0.01265904866204591, 
    "extends": 0.008575658890153753, 
    "final": 0.019845958759024167, 
    "first_line": [
        "package", 
        "import", 
        "java"
    ], 
    "import": 0.0928390276236725, 
    "interface": 0.0027630877415450237, 
    "java": 0.023039540614147584, 
    "lang": 0.004627361413317579, 
    "private": 0.03237531881781633, 
    "public": 0.10061494012709483, 
    "super": 0.0017075666095076156, 
    "util": 0.01849683703906509, 
    "{": 0.193740363416286, 
    "}": 0.19388085940314423
}