{
    ";": 0.5252179832096204,
    "@": 0.07810839915147717,
    "Comparable": 9.003850046279789e-05,
    "Object": 0.023516255550873555,
    "String": 0.0650762265944918,
    "System": 0.0012083166762107476,
    "[]": 0.01413964611267778,
    "boolean": 0.012663014705087896,
    "class": 0.05338922923442064,
    "extends": 0.008577067554086127,
    "final": 0.019844485502000655,
    "first_line": [
        "^(import|package) .*;$"
    ],
    "import": 0.09282609243712611,
    "interface": 0.0027677835042264074,
    "java": 0.02303544995840221,
    "lang": 0.004626178153778556,
    "out": 0.0008535649843873241,
    "private": 0.032372442456394354,
    "public": 0.1006162234971674,
    "super": 0.001708930738783904,
    "util": 0.018495708765067943,
    "{": 0.193748446835867,
    "}": 0.19391951998674634
}