{
    "#": 0.00042602633617350893, 
    "()": 0.00023237800154918669, 
    "and": 0.012432223082881487, 
    "comments": [
        "--", 
        "--[["
    ], 
    "do": 0.015646785437645236, 
    "elseif": 0.00627420604182804, 
    "end": 0.16835786212238574, 
    "false": 0.012780790085205267, 
    "first_line": [
        "^local .* = require(\\(|\\s)?\".*\"(\\))?$", 
        "^#!.*lua(jit)?$", 
        "^return {$", 
        "^require ('|\").*('|\")$", 
        "^function .*\\(.*\\)"
    ], 
    "function": 0.024360960495739735, 
    "local": 0.20453137103020913, 
    "nil": 0.02370255615801704, 
    "not": 0.01262587141750581, 
    "repeat": 0.0005034856700232378, 
    "self": 0.034198295894655305, 
    "then": 0.05162664601084431, 
    "true": 0.02134004647560031, 
    "unique": [
        "local", 
        "end", 
        "~="
    ], 
    "until": 7.745933384972889e-05, 
    "{": 0.15561580170410536, 
    "}": 0.15565453137103022, 
    "~=": 0.009217660728117739
}