{
    "#": 0.00043850906916483956, 
    "()": 0.0002391867649990034, 
    "and": 0.012716763005780347, 
    "comments": [
        "--", 
        "--[["
    ], 
    "do": 0.015985648794100058, 
    "elseif": 0.006458042654973091, 
    "end": 0.16966314530595974, 
    "false": 0.013035678692445684, 
    "first_line": [
        "^local .* = require(\\(|\\s)?\".*\"(\\))?$", 
        "^#!.*lua(jit)?$", 
        "^return {$", 
        "^require ('|\").*('|\")$", 
        "^function .*\\(.*\\)"
    ], 
    "flags": [], 
    "function": 0.024676101255730516, 
    "local": 0.2042654973091489, 
    "nil": 0.024117998804066176, 
    "not": 0.012756627466613515, 
    "repeat": 0.000518237990831174, 
    "self": 0.035000996611520827, 
    "then": 0.05238190153478174, 
    "true": 0.02072951963324696, 
    "unique": [
        "local", 
        "end", 
        "~="
    ], 
    "until": 7.972892166633446e-05, 
    "{": 0.15288020729519633, 
    "}": 0.15288020729519633, 
    "~=": 0.009208690452461631
}