{
    "+": 0.02034448524197488, 
    ";": 0.42375151677513906, 
    "@": 0.10569361930125912, 
    "@end": 0.008935184455615613, 
    "@implementation": 0.005980427691192461, 
    "@interface": 0.0029547567644231526, 
    "@property": 0.0004806404336794995, 
    "@protocol": 7.879351371795074e-06, 
    "BOOL": 0.01809099074964149, 
    "IBAction": 0.0029232393589359723, 
    "NO": 0.014482247821359345, 
    "NSArray": 0.00850969948153868, 
    "NSDictionary": 0.010708038514269505, 
    "NSError": 0.002781411034243661, 
    "NSFileManager": 0.0015207148147564492, 
    "NSInteger": 0.005948910285705281, 
    "NSLog": 9.455221646154088e-05, 
    "NSMutableArray": 0.005042784877948847, 
    "NSMutableSet": 0.0014498006524102935, 
    "NSNumber": 0.006721086720141198, 
    "NSObject": 0.000638227461115401, 
    "NSString": 0.05424933419480908, 
    "NSURL": 0.002269253195076981, 
    "YES": 0.016097514852577335, 
    "[": 0.41257071717856186, 
    "]": 0.4125470791244465, 
    "alloc": 0.014655593551538837, 
    "comments": [
        "//", 
        "/*"
    ], 
    "first_line": [
        "^#import (\".*\"|<.*>)$", 
        "^#(if|ifdef|define|undef) .*$"
    ], 
    "id": 0.021037868162692847, 
    "init": 0.008407267913705344, 
    "nil": 0.053540192571347525, 
    "removeObjectAtIndex": 0.00030729470350000787, 
    "respondsToSelector": 0.0018752856264872275, 
    "self": 0.09032100477488693, 
    "unique": [
        "NSObject", 
        "NSInteger", 
        "NSNumber", 
        "NSArray", 
        "NSString", 
        "BOOL", 
        "NO", 
        "YES", 
        "NSFileManager", 
        "NSDictionary", 
        "NSMutableArray", 
        "NSMutableSet", 
        "NSLog", 
        "NSApplicationMain", 
        "@implementation", 
        "@end", 
        "@protocol", 
        "@property", 
        "@interface", 
        "NSURL", 
        "NSError", 
        "removeObjectAtIndex", 
        "@selector", 
        "respondsToSelector", 
        "IBAction"
    ], 
    "void": 0.04834770001733457, 
    "{": 0.1801140930078636, 
    "}": 0.18021652457569692
}