{
    "-": 0.09219629040137416, 
    ";": 0.42375151677513906, 
    "@": 0.13792016641190097, 
    "BOOL": 0.01809099074964149, 
    "NO": 0.01449012717273114, 
    "NSArray": 0.00850969948153868, 
    "NSDictionary": 0.010708038514269505, 
    "NSFileManager": 0.0015207148147564492, 
    "NSInteger": 0.005948910285705281, 
    "NSLog": 9.455221646154088e-05, 
    "NSMutableArray": 0.005042784877948847, 
    "NSMutableSet": 0.0014498006524102935, 
    "NSNumber": 0.006721086720141198, 
    "NSObject": 0.000638227461115401, 
    "NSString": 0.05424933419480908, 
    "YES": 0.016097514852577335, 
    "[": 0.41257071717856186, 
    "]": 0.4125470791244465, 
    "comments": [
        "//", 
        "/*"
    ], 
    "end": 0.00902185732070536, 
    "first_line": [
        "^#import (\".*\"|<.*>)$", 
        "^#(if|ifdef|define|undef) .*$"
    ], 
    "id": 0.021037868162692847, 
    "implementation": 0.005980427691192461, 
    "interface": 0.0030414296295128984, 
    "nil": 0.053540192571347525, 
    "self": 0.09032100477488693, 
    "unique": [
        "NSObject", 
        "NSInteger", 
        "NSNumber", 
        "NSArray", 
        "NSString", 
        "BOOL", 
        "NO", 
        "YES", 
        "NSFileManager", 
        "NSDictionary", 
        "NSMutableArray", 
        "NSMutableSet", 
        "NSLog", 
        "NSApplicationMain"
    ], 
    "void": 0.04834770001733457, 
    "{": 0.1801140930078636, 
    "}": 0.18021652457569692
}