{
    "+": 0.020330168236082108, 
    ";": 0.4236397305070722, 
    "@": 0.10569323509711989, 
    "@end": 0.008935818131673299, 
    "@implementation": 0.005980851818289271, 
    "@interface": 0.0029549663133840273, 
    "@property": 0.0004806745203104685, 
    "@protocol": 7.879910169024072e-06, 
    "BOOL": 0.01809227374807927, 
    "IBAction": 0.002923446672707931, 
    "NO": 0.014483274890666246, 
    "NSArray": 0.008510302982545999, 
    "NSDictionary": 0.010708797919703715, 
    "NSError": 0.002781608289665498, 
    "NSFileManager": 0.0015208226626216462, 
    "NSInteger": 0.005949332177613175, 
    "NSLog": 9.455892202828888e-05, 
    "NSMutableArray": 0.005043142508175407, 
    "NSMutableSet": 0.0014499034711004295, 
    "NSNumber": 0.006721563374177534, 
    "NSObject": 0.0006382727236909499, 
    "NSString": 0.05425318151373074, 
    "NSURL": 0.002269414128678933, 
    "YES": 0.01609865647531618, 
    "[": 0.4125999763602695, 
    "]": 0.4125054174382412, 
    "alloc": 0.014656632914384776, 
    "comments": [
        "//", 
        "/*"
    ], 
    "first_line": [
        "^#import (\".*\"|<.*>)$", 
        "^#(if|ifdef|define|undef) .*$", 
        "^#include (\"((?!\\.cpp\"|\\.cc\").)*\"|<.*>)$"
    ], 
    "flags": [], 
    "id": 0.021039360151294276, 
    "init": 0.008407864150348686, 
    "nil": 0.053543989598518575, 
    "removeObjectAtIndex": 0.00030731649659193887, 
    "respondsToSelector": 0.0018754186202277294, 
    "self": 0.09032741026752295, 
    "unique": [
        "NSObject", 
        "NSInteger", 
        "NSNumber", 
        "NSArray", 
        "NSString", 
        "BOOL", 
        "NO", 
        "YES", 
        "NSFileManager", 
        "NSDictionary", 
        "NSMutableArray", 
        "NSMutableSet", 
        "NSLog", 
        "NSApplicationMain", 
        "@implementation", 
        "@end", 
        "@protocol", 
        "@property", 
        "@interface", 
        "NSURL", 
        "NSError", 
        "removeObjectAtIndex", 
        "@selector", 
        "respondsToSelector", 
        "IBAction"
    ], 
    "void": 0.048351128797131715, 
    "{": 0.18011110673338324, 
    "}": 0.1802293053859186
}