{
    " . ": 0.006942541335525715, 
    "$": 0.9769799945190463, 
    "%": 0.026217228464419477, 
    "->": 0.5124691696355166, 
    "::": 0.2239883072988033, 
    ";": 0.5295514752900338, 
    "=>": 0.15273590938156573, 
    "=~": 0.010779208915684662, 
    "@": 0.1077007399287476, 
    "defined": 0.007947382844614962, 
    "die": 0.004110715264456015, 
    "eq": 0.016351511829725038, 
    "first_line": [
        "^package [^\"\\']*;$", 
        "^use .*;$", 
        "^#!.*perl$"
    ], 
    "get": 0.003379921439663835, 
    "last": 0.004567461404951128, 
    "my": 0.20736274778478123, 
    "print": 0.000639444596693158, 
    "ref": 0.0077646843884169175, 
    "shift": 0.05782406138668128, 
    "sub": 0.1193934411254225, 
    "unique": [
        "my", 
        "eq", 
        "ref", 
        "shift", 
        "FILEOUT", 
        "=~", 
        "1;", 
        "FILE"
    ], 
    "unless": 0.03151548369416279, 
    "until": 0.0011875399652872933, 
    "use": 0.051155567735452635, 
    "{": 0.30501507262263633, 
    "}": 0.30090435735818033
}