{
    " . ": 0.0077812193095112185, 
    "$": 1.0328624310644405, 
    "%": 0.02304147465437788, 
    "->": 0.5187731359069275, 
    "::": 0.1997431442169676, 
    ";": 0.5233814308378031, 
    "=>": 0.12434841731510161, 
    "=~": 0.013447155699932009, 
    "@": 0.11875802674321977, 
    "chomp(": 7.554581853894387e-05, 
    "defined": 0.008612223313439601, 
    "die": 0.003928382564025081, 
    "eq": 0.020397371005514846, 
    "first_line": [
        "^package [^\"\\']*;$", 
        "^use .*;$"
    ], 
    "get": 0.002795195285940923, 
    "last": 0.004230565838180857, 
    "my": 0.21001737553826397, 
    "print": 0.0005288207297726071, 
    "redo": 0.00015109163707788774, 
    "ref": 0.009518773135906928, 
    "shift": 0.06232530029462869, 
    "sub": 0.12170431366623857, 
    "unique": [
        "my", 
        "eq", 
        "ref", 
        "shift", 
        "FILEOUT", 
        "=~", 
        "1;", 
        "FILE"
    ], 
    "unless": 0.03354234343129108, 
    "until": 0.0007554581853894387, 
    "use": 0.04283447911158118, 
    "{": 0.32038981642366093, 
    "}": 0.3182745335045705
}