{
    " . ": 0.007608695652173913, 
    "$": 0.9418896321070234, 
    "%": 0.025250836120401337, 
    "->": 0.5148829431438127, 
    "::": 0.21605351170568562, 
    ";": 0.5289297658862876, 
    "=>": 0.14657190635451506, 
    "=~": 0.011120401337792641, 
    "@": 0.03060200668896321, 
    "comments": [
        "#", 
        "="
    ], 
    "defined": 0.008277591973244148, 
    "die": 0.004180602006688963, 
    "eq": 0.018311036789297658, 
    "first_line": [
        "^package [^\"\\']*;$", 
        "^use [^::]*;$", 
        "^#!.*perl$", 
        "^sub \\w* {$", 
        "^my .*$"
    ], 
    "flags": [], 
    "get": 0.003260869565217391, 
    "last": 0.004765886287625418, 
    "my": 0.20953177257525082, 
    "print": 0.0005852842809364548, 
    "redo": 0.00016722408026755852, 
    "ref": 0.008277591973244148, 
    "shift": 0.06028428093645485, 
    "sub": 0.1205685618729097, 
    "unique": [
        "my", 
        "eq", 
        "ref", 
        "shift", 
        "FILEOUT", 
        "=~", 
        "1;", 
        "FILE", 
        "`", 
        "foreach"
    ], 
    "unless": 0.031020066889632106, 
    "until": 0.001254180602006689, 
    "use": 0.04749163879598662, 
    "{": 0.3039297658862876, 
    "}": 0.3
}