{
    " . ": 0.007777693876009967, 
    "$": 1.0326965189156536, 
    "%": 0.02303103526391301, 
    "->": 0.5187646303707619, 
    "::": 0.19965264668126556, 
    ";": 0.5234463490145738, 
    "=>": 0.1245186136071887, 
    "=~": 0.013441063203201691, 
    "@": 0.11870422109793853, 
    "chomp(": 7.551159102922299e-05, 
    "defined": 0.00860832137733142, 
    "die": 0.003926602733519595, 
    "eq": 0.020388129577890206, 
    "first_line": [
        "^package [^\"\\']*;$", 
        "^use .*;$"
    ], 
    "get": 0.0027939288680812503, 
    "last": 0.0042286490976364876, 
    "my": 0.2099222230612399, 
    "print": 0.0005285811372045609, 
    "redo": 0.00015102318205844598, 
    "ref": 0.009514460469682096, 
    "shift": 0.06244808578116741, 
    "sub": 0.12180019633013668, 
    "unique": [
        "my", 
        "eq", 
        "ref", 
        "shift", 
        "FILEOUT", 
        "=~", 
        "1;", 
        "FILE"
    ], 
    "unless": 0.033527146416975004, 
    "until": 0.0007551159102922298, 
    "use": 0.042815072113569434, 
    "{": 0.32047119232802235, 
    "}": 0.3182058445971457
}