{
    "$": 0.7510120556964278, 
    "%": 0.02331064549134748, 
    "->": 0.41465367676498066, 
    "::": 0.17500778504381867, 
    ";": 0.4979758886071444, 
    "=>": 0.11005827661372837, 
    "=~": 0.008007473642065928, 
    "@": 0.07802838204546465, 
    "defined": 0.005204857867342853, 
    "eq": 0.012144668357133324, 
    "first_line": [
        "^package [^\"\\']*;$", 
        "^use .*;$"
    ], 
    "last": 0.003781306997642244, 
    "my": 0.16455358334445483, 
    "redo": 8.897192935628809e-05, 
    "ref": 0.005649717514124294, 
    "shift": 0.03896970505805419, 
    "sub": 0.08185417500778504, 
    "unless": 0.020952889363405846, 
    "until": 0.0008007473642065928, 
    "use": 0.03131811913341341, 
    "{": 0.2092619778459896, 
    "}": 0.2082388006583923
}