{
    " . ": 0.006480698788391096, 
    "$": 0.7956466610312765, 
    "%": 0.02127359819667512, 
    "->": 0.434981684981685, 
    "::": 0.1808255846717385, 
    ";": 0.5969991546914624, 
    "=>": 0.12123133276979431, 
    "=~": 0.009509721048182587, 
    "@": 0.09404057480980559, 
    "comments": [
        "#", 
        "="
    ], 
    "defined": 0.006762468300929839, 
    "die": 0.003592561284868977, 
    "eq": 0.01570865032403494, 
    "first_line": [
        "^package [^\"\\']*;$", 
        "^use .*;$", 
        "^#!.*perl$", 
        "^sub \\w* {$"
    ], 
    "get": 0.0026768103691180616, 
    "last": 0.004015215553677092, 
    "my": 0.1758946182023105, 
    "print": 0.0004930966469428008, 
    "redo": 0.00014088475626937165, 
    "ref": 0.006973795435333897, 
    "shift": 0.051070724147647226, 
    "sub": 0.10080304311073542, 
    "unique": [
        "my", 
        "eq", 
        "ref", 
        "shift", 
        "FILEOUT", 
        "=~", 
        "1;", 
        "FILE", 
        "`", 
        "foreach"
    ], 
    "unless": 0.026486334178641872, 
    "until": 0.0010566356720202875, 
    "use": 0.04015215553677092, 
    "{": 0.25563539025077486, 
    "}": 0.252465483234714
}