{
    " . ": 0.06287177443218532, 
    "!==": 0.006848198271645198, 
    "$": 0.857093682627679, 
    "$_": 0.023256094836072008, 
    "->": 0.14981490539944803, 
    "::": 0.01180619719670755, 
    ";": 0.4380189744611724, 
    "===": 0.012053795194183259, 
    "=>": 0.10944435385981122, 
    "@": 0.00018116926644564017, 
    "class": 0.025659607104250835, 
    "comments": [
        "//", 
        "/*"
    ], 
    "define(": 0.003514683769045419, 
    "empty(": 0.02034530862184539, 
    "exit": 0.0009420801855173288, 
    "extends": 0.001068898672029277, 
    "first_line": [
        "^<\\?(php)?$", 
        "^function .*\\(.*\\)", 
        "^(namespace|use) [^\"']*;$"
    ], 
    "flags": [], 
    "function": 0.0403282787107995, 
    "global": 0.0057551436974231695, 
    "header(": 0.0006944821880416206, 
    "namespace": 0.0004046113617285964, 
    "public": 0.021172648271947148, 
    "require(": 0.001123249451962969, 
    "require_once(": 0.002192148123992246, 
    "strpos(": 0.003532800695689983, 
    "unique": [
        "$_"
    ], 
    "unset(": 0.004535270636689192, 
    "use": 8.454565767463208e-05, 
    "{": 0.16576383982221257, 
    "}": 0.1659872819174955
}