{
    " . ": 0.04505460332558948, 
    "!==": 0.005048749702745715, 
    "$": 0.701826513252968, 
    "->": 0.11291547002762178, 
    "::": 0.011528893116505387, 
    ";": 0.3271260541094262, 
    "===": 0.00887189712257852, 
    "=>": 0.08141108895677465, 
    "@": 0.08479064152047854, 
    "class": 0.019934329668721534, 
    "define(": 0.002666142279620246, 
    "empty(": 0.015297162822177914, 
    "exit": 0.0007225565697770135, 
    "extends": 0.0008048731410174329, 
    "first_line": [
        "<?php"
    ], 
    "function": 0.031225419357199042, 
    "global": 0.0058673422723032175, 
    "header(": 0.0006219474271498345, 
    "namespace": 0.0004070097133554064, 
    "public": 0.023268150803958512, 
    "require(": 0.0008414582837909524, 
    "require_once(": 0.0016600508533484552, 
    "strpos(": 0.0026387034225401063, 
    "unique": [], 
    "unset(": 0.0033932719922439496, 
    "use": 0.0015502954250278963, 
    "{": 0.12630563228272998, 
    "}": 0.12696416485265333
}