{
    " . ": 0.045090538829875064, 
    "!==": 0.005058983249857816, 
    "$": 0.7023776762617645, 
    "->": 0.11287999706459721, 
    "::": 0.011553561927825784, 
    ";": 0.3270910158328288, 
    "===": 0.008865833746124352, 
    "=>": 0.0811317812391069, 
    "@": 0.08498908397086613, 
    "class": 0.01992863301961216, 
    "define(": 0.0026739684811125175, 
    "empty(": 0.015296200488010715, 
    "exit": 0.0007246775643495331, 
    "extends": 0.0008072357678830242, 
    "first_line": [
        "<?php"
    ], 
    "function": 0.031266626304878274, 
    "global": 0.005852459317151925, 
    "header(": 0.000623773093364155, 
    "namespace": 0.0004082044508044838, 
    "public": 0.02332727906507421, 
    "require(": 0.000843928302786798, 
    "require_once(": 0.0016649237712587374, 
    "strpos(": 0.0026464490799346873, 
    "unique": [], 
    "unset(": 0.0034032326123250227, 
    "use": 0.001554846166547416, 
    "{": 0.1263140514062414, 
    "}": 0.12697451703450932
}