{
    " . ": 0.06283613046909894, 
    "!==": 0.0068465073023292805, 
    "$": 0.8596007121836015, 
    "$_": 0.023231624867689257, 
    "->": 0.15314394796899186, 
    "::": 0.011949266096022418, 
    ";": 0.43905140081130195, 
    "===": 0.011955384511842193, 
    "=>": 0.10839385466315062, 
    "@": 0.003053089494068196, 
    "class": 0.025440372978628372, 
    "comments": [
        "//", 
        "/*"
    ], 
    "define(": 0.0035425627596502715, 
    "empty(": 0.020417153590592325, 
    "exit": 0.0009483544520652713, 
    "extends": 0.001076841184280566, 
    "first_line": [
        "<?php"
    ], 
    "function": 0.0405161495585563, 
    "global": 0.005745192454769611, 
    "header(": 0.0008259861356697524, 
    "namespace": 0.0004099338599249882, 
    "public": 0.02113300824150611, 
    "require(": 0.0011257885108387736, 
    "require_once(": 0.0022209849425786675, 
    "strpos(": 0.003560918007109599, 
    "unique": [
        "$_"
    ], 
    "unset(": 0.004527627706634198, 
    "use": 9.78946531164151e-05, 
    "{": 0.16588860812158515, 
    "}": 0.16594979227978293
}