{
    " . ": 0.05894638843122003, 
    "!==": 0.0067068054168938, 
    "$": 0.8815314791109042, 
    "->": 0.14977919604084108, 
    "::": 0.012121249242039113, 
    ";": 0.43381087421218006, 
    "===": 0.011827252292257468, 
    "=>": 0.10634114671060288, 
    "@": 0.0032645911298670276, 
    "class": 0.025032615286616402, 
    "define(": 0.0035095885880183993, 
    "empty(": 0.020298039407841143, 
    "exit": 0.0009493651503365652, 
    "extends": 0.0010779888158660353, 
    "first_line": [
        "<?php"
    ], 
    "function": 0.04053482945114444, 
    "global": 0.00570844077492696, 
    "header(": 0.0008268664212608795, 
    "namespace": 0.00041037074240354756, 
    "public": 0.02114940557491716, 
    "require(": 0.0011269883074963097, 
    "require_once(": 0.002223351932723698, 
    "strpos(": 0.003478963905749478, 
    "unset(": 0.0045263280393465916, 
    "use": 0.00016537328425217588, 
    "{": 0.16540390893444482, 
    "}": 0.1661817758640754
}