{
    " . ": 0.06324613577007604, 
    "!==": 0.006812246214911453, 
    "$": 0.8576429262828513, 
    "$_": 0.023176247846441376, 
    "->": 0.15014336764822267, 
    "::": 0.01188946993540846, 
    ";": 0.43858933539506767, 
    "===": 0.011944260119442602, 
    "=>": 0.10934903173569215, 
    "@": 0.0030378113147817827, 
    "class": 0.02576964989072402, 
    "comments": [
        "//", 
        "/*"
    ], 
    "define(": 0.0035248351728630308, 
    "empty(": 0.020363685066022173, 
    "exit": 0.0009496965232584331, 
    "extends": 0.001071452487778745, 
    "first_line": [
        "^<\\?(php)?$", 
        "^function .*\\(.*\\)", 
        "^(namespace|use) [^\"']*;$"
    ], 
    "function": 0.040313399852675284, 
    "global": 0.005716442534228645, 
    "header(": 0.0008218527605121056, 
    "namespace": 0.000407882481143045, 
    "public": 0.02102725507265787, 
    "require(": 0.0011201548735868699, 
    "require_once(": 0.0022098707560436618, 
    "strpos(": 0.003555274163993109, 
    "unique": [
        "$_"
    ], 
    "unset(": 0.0045110584854775575, 
    "use": 8.522917516421836e-05, 
    "{": 0.16527154623987142, 
    "}": 0.16546635578310392
}