{
    " . ": 0.06283273568395159, 
    "!==": 0.006841351625891884, 
    "$": 0.8827791308179026, 
    "->": 0.15313490557955672, 
    "::": 0.011950947875998971, 
    ";": 0.43904588233854286, 
    "===": 0.011957067152945209, 
    "=>": 0.10839075254867885, 
    "@": 0.0030535191961717804, 
    "class": 0.025443953542449424, 
    "comments": [
        "//", 
        "/*"
    ], 
    "define(": 0.003543061351870663, 
    "empty(": 0.02042002716958964, 
    "exit": 0.0009484879266665851, 
    "extends": 0.0010769927425375418, 
    "first_line": [
        "<?php"
    ], 
    "function": 0.04052185193797501, 
    "global": 0.005746001052515635, 
    "header(": 0.0008261023877418644, 
    "namespace": 0.0004099915553978142, 
    "public": 0.021135982572299258, 
    "require(": 0.00112594695810743, 
    "require_once(": 0.00222129753148368, 
    "strpos(": 0.003555299905763135, 
    "unique": [], 
    "unset(": 0.0045282649402146645, 
    "use": 9.790843113977652e-05, 
    "{": 0.16587524018162014, 
    "}": 0.1659364329510825
}