{
    " . ": 0.04509984723579362, 
    "!==": 0.005060027616832505, 
    "$": 0.7024492735672048, 
    "->": 0.11288036223008216, 
    "::": 0.011555947023391732, 
    ";": 0.3271401898313171, 
    "===": 0.008853901451030585, 
    "=>": 0.08114394241752797, 
    "@": 0.08497910387507282, 
    "class": 0.01993274704908181, 
    "define(": 0.002674520490129964, 
    "empty(": 0.015299358206832644, 
    "exit": 0.0007248271654211567, 
    "extends": 0.0008074024121147062, 
    "first_line": [
        "<?php"
    ], 
    "function": 0.031273080928329276, 
    "global": 0.00585366748783162, 
    "header(": 0.0006239018639068184, 
    "namespace": 0.00040828871976255027, 
    "public": 0.02333209470463293, 
    "require(": 0.0008441025217562838, 
    "require_once(": 0.0016652674749865815, 
    "strpos(": 0.0026469954078987812, 
    "unique": [], 
    "unset(": 0.003399347655551121, 
    "use": 0.001555167146061849, 
    "{": 0.12631260235889955, 
    "}": 0.12697320433244794
}