{
    "#": 0.002555996502320576, 
    ":\n": 0.23102621017465977, 
    "@": 0.02189412793435125, 
    "False": 0.019035447635703237, 
    "None": 0.029892827515078137, 
    "True": 0.02762269904262236, 
    "and": 0.008665724983744759, 
    "as": 0.007460595053922558, 
    "classmethod": 0.0013172350395731038, 
    "def": 0.096645815116253, 
    "del": 0.0010201564987332122, 
    "elif": 0.0034696531467904306, 
    "first_line": [
        "^(from .*)?import [^\"]*$", 
        "['|\"]{3}", 
        "^#!.*python$"
    ], 
    "from": 0.04687114638685231, 
    "in": 0.02567207013295666, 
    "is": 0.009691486737965516, 
    "not": 0.014388690836528328, 
    "or": 0.00460752001076209, 
    "pass": 0.0043328624918723795, 
    "print(": 0.0004540256944911549, 
    "return": 0.04332301966323625, 
    "self": 0.3388937467769781, 
    "staticmethod": 8.407883231317684e-05, 
    "unique": [
        "classmethod", 
        "staticmethod", 
        ":\n"
    ], 
    "with": 0.018446895809510998
}