{
    "#": 0.0027497941897867213, 
    "(": 0.0562986412282414, 
    ")": 0.6646609011516885, 
    ":\n": 0.20886978366588302, 
    "@": 0.019278263895372027, 
    "False": 0.01702496032318569, 
    "None": 0.027425802235480832, 
    "True": 0.02490091405195753, 
    "abs(": 5.092211462568002e-05, 
    "all(": 0.005304386940175002, 
    "and": 0.013889006764154227, 
    "any(": 0.00024188004447198012, 
    "as": 0.008928344097702564, 
    "bool(": 0.00031401970685836016, 
    "classmethod": 0.0011712086363906405, 
    "def": 0.0864360460675397, 
    "del": 0.0009547896492315004, 
    "dict(": 0.0007468576811766403, 
    "dir(": 5.5165624177820024e-05, 
    "elif": 0.0031656581258964413, 
    "enumerate(": 0.0005940913372996003, 
    "eval(": 0.00015700985342918008, 
    "exec(": 1.6974038208560008e-05, 
    "filter(": 0.007515255416839943, 
    "first_line": [
        "^(from .*)?import [^\"]*$", 
        "['|\"]{3}"
    ], 
    "format(": 0.0010099552734093205, 
    "from": 0.038221290536125, 
    "getattr(": 0.002478209578449761, 
    "hasattr(": 0.002376365349198401, 
    "in": 0.028444244527994433, 
    "input(": 7.213966238638003e-05, 
    "is": 0.016638800953940946, 
    "isinstance(": 0.004638155940489022, 
    "len(": 0.006433160481044243, 
    "list(": 0.004680591036010422, 
    "not": 0.014996562757262766, 
    "open(": 0.0008062668149066004, 
    "or": 0.006416186442835683, 
    "pass": 0.003942220373938062, 
    "print(": 0.0005346822035696403, 
    "range(": 0.0013197314707155405, 
    "round(": 2.546105731284001e-05, 
    "self": 0.3097507362489073, 
    "staticmethod": 9.335721014708004e-05, 
    "str(": 0.004680591036010422, 
    "super(": 0.005130403048537262, 
    "with": 0.020046339124309368, 
    "zip(": 0.00036918533103618014
}