{
    "#": 3.404851426875952e-05, 
    ":\n": 0.23231787692921313, 
    "@": 1.945629386786258e-05, 
    "@classmethod": 0.001357076497283415, 
    "@staticmethod": 9.241739587234725e-05, 
    "False": 0.01875100321515256, 
    "None": 0.029544382238349327, 
    "True": 0.027550112116893413, 
    "and": 0.007899255310352208, 
    "as": 0.006868071735355491, 
    "comments": [
        "#", 
        "'''", 
        "\"\"\""
    ], 
    "def": 0.09859476917539363, 
    "del": 0.0010652320892654762, 
    "elif": 0.0035896862186206462, 
    "first_line": [
        "^(from .*)?import [^\"\\{]*$", 
        "['|\"]{3}", 
        "^#!.*python$"
    ], 
    "flags": [], 
    "from": 0.041257071146802604, 
    "in": 0.024150124763484427, 
    "is": 0.008200827865304077, 
    "not": 0.014047444172596783, 
    "or": 0.004294976871330665, 
    "pass": 0.004270656503995837, 
    "print(": 0.00043776661202690807, 
    "return": 0.04433116557792489, 
    "self": 0.3535062673586622, 
    "unique": [
        "@classmethod", 
        "@staticmethod", 
        ":\n"
    ], 
    "with": 0.018493207321403384
}