{
    "#": 0.0022783143848832434, 
    ":\n": 0.2309985767566929, 
    "@": 0.02189431996534712, 
    "False": 0.019075960689232292, 
    "None": 0.029978116930969887, 
    "True": 0.027660424272767672, 
    "and": 0.00865196919493933, 
    "as": 0.0074424936572852615, 
    "classmethod": 0.0013051084871429938, 
    "comments": [
        "#", 
        "'''", 
        "\"\"\""
    ], 
    "def": 0.09656677711334755, 
    "del": 0.001018209638676215, 
    "elif": 0.0034821644549203152, 
    "first_line": [
        "^(from .*)?import [^\"]*$", 
        "['|\"]{3}", 
        "^#!.*python$"
    ], 
    "from": 0.04702328381046675, 
    "in": 0.025702761542053185, 
    "is": 0.009737684445019492, 
    "not": 0.014440575372827866, 
    "or": 0.004624134381170435, 
    "pass": 0.004303482727001682, 
    "print(": 0.0004556628769766487, 
    "return": 0.043445486406057506, 
    "self": 0.33778682853012154, 
    "staticmethod": 7.875654663793928e-05, 
    "unique": [
        "classmethod", 
        "staticmethod", 
        ":\n"
    ], 
    "with": 0.01820963867621496
}