{
    "#": 3.946530154309329e-05, 
    ":\n": 0.23071979072114382, 
    "@": 2.2551600881767596e-05, 
    "@classmethod": 0.0013305444520242881, 
    "@staticmethod": 7.893060308618659e-05, 
    "False": 0.01912939544795936, 
    "None": 0.03005564607517576, 
    "True": 0.027744106984794584, 
    "and": 0.00858088413551257, 
    "as": 0.007442028290983306, 
    "comments": [
        "#", 
        "'''", 
        "\"\"\""
    ], 
    "def": 0.09690422898895536, 
    "del": 0.0010204599398999836, 
    "elif": 0.003489860236453535, 
    "first_line": [
        "^(from .*)?import [^\"]*$", 
        "['|\"]{3}", 
        "^#!.*python$"
    ], 
    "from": 0.04707082894046941, 
    "in": 0.02565244600301064, 
    "is": 0.009731015780482717, 
    "not": 0.01446121406543347, 
    "or": 0.004634353981203241, 
    "pass": 0.0043073557684176105, 
    "print(": 0.0004566699178557938, 
    "return": 0.04356969290357499, 
    "self": 0.33860101143929955, 
    "unique": [
        "@classmethod", 
        "@staticmethod", 
        ":\n"
    ], 
    "with": 0.018221693512468218
}