{
    ":\n": 0.20156802817135358, 
    "@": 0.018869491553577065, 
    "False": 0.01663953623573576, 
    "None": 0.026913110642326793, 
    "True": 0.024342640732189426, 
    "abs(": 4.9831403750643654e-05, 
    "all(": 0.005190771224025381, 
    "and": 0.013558294437154294, 
    "any(": 0.00024085178479477768, 
    "as": 0.008749563975217181, 
    "bool(": 0.0003072936564623025, 
    "classmethod": 0.001146122286264804, 
    "def": 0.08490855937411756, 
    "del": 0.0009426440542830092, 
    "dict(": 0.000722555354384333, 
    "dir(": 5.398402072986396e-05, 
    "elif": 0.0031435310532697707, 
    "enumerate(": 0.000585518994070063, 
    "eval(": 0.00015364682823115126, 
    "exec(": 1.6610467916881218e-05, 
    "filter(": 0.0073625899041576005, 
    "first_line": [], 
    "format(": 0.0009841702240752123, 
    "from": 0.037302958324336, 
    "getattr(": 0.002412670464926997, 
    "hasattr(": 0.002358686444197133, 
    "in": 0.027872365164526684, 
    "input(": 7.059448864674517e-05, 
    "is": 0.016141222198229326, 
    "isinstance(": 0.004567878677142335, 
    "len(": 0.006307825191435643, 
    "list(": 0.004584489145059216, 
    "not": 0.014762553361128182, 
    "open(": 0.0008512864807401624, 
    "or": 0.006336893510290185, 
    "pass": 0.0038660864076541035, 
    "print(": 0.0005232297393817583, 
    "range(": 0.0012914638805375147, 
    "round(": 2.4915701875321827e-05, 
    "self": 0.3046110658937262, 
    "staticmethod": 9.13575735428467e-05, 
    "str(": 0.004588641762038437, 
    "super(": 0.005095261033503314, 
    "with": 0.019562978589106855, 
    "zip(": 0.0003612776771921665
}