{
    "#": 0.010602934192886831, 
    ":\n": 0.2016280525986224, 
    "@": 0.018760007228318196, 
    "False": 0.016683967001886926, 
    "None": 0.026967510390707407, 
    "True": 0.024328333746580208, 
    "abs(": 5.043012695784462e-05, 
    "all(": 0.00524473320361584, 
    "and": 0.013830462318188887, 
    "any(": 0.0002479481242094027, 
    "as": 0.008779044601244783, 
    "bool(": 0.00030678327232688807, 
    "classmethod": 0.0011430828777111446, 
    "def": 0.0852269145587574, 
    "del": 0.0009455648804595865, 
    "dict(": 0.000710224287989645, 
    "dir(": 5.883514811748539e-05, 
    "elif": 0.003156085445445109, 
    "enumerate(": 0.0005715414388555723, 
    "eval(": 0.00015549289145335424, 
    "exec(": 1.681004231928154e-05, 
    "filter(": 0.007257735771349805, 
    "format(": 0.001038020113215635, 
    "from": 0.03730988892764538, 
    "getattr(": 0.0024290511151361825, 
    "hasattr(": 0.0023407983929599543, 
    "in": 0.028324921307989394, 
    "input(": 7.144267985694653e-05, 
    "is": 0.01649065151521519, 
    "isinstance(": 0.004584939042584039, 
    "len(": 0.006303765869730577, 
    "list(": 0.00458914155316386, 
    "not": 0.014923115068942186, 
    "open(": 0.0008615146688631789, 
    "or": 0.006425638676545368, 
    "pass": 0.003782259521838346, 
    "print(": 0.0005295163330573684, 
    "range(": 0.0013069807903241396, 
    "round(": 2.521506347892231e-05, 
    "self": 0.3055897593222191, 
    "staticmethod": 9.245523275604847e-05, 
    "str(": 0.0045681290002647585, 
    "super(": 0.005114455375641408, 
    "with": 0.019621521897181377, 
    "zip(": 0.0003572133992847327
}