{
    "(": 0.056089266737513285, 
    ")": 0.6709330499468651, 
    "@": 0.01926036131774708, 
    "False": 0.01716471838469713, 
    "None": 0.027621679064824656, 
    "True": 0.02497768331562168, 
    "abs(": 5.1009564293304994e-05, 
    "all(": 0.005313496280552604, 
    "and": 0.01383634431455898, 
    "any(": 0.0002465462274176408, 
    "as": 0.008888416578108396, 
    "bool(": 0.00031455897980871414, 
    "classmethod": 0.0011732199787460149, 
    "def": 0.08691604675876727, 
    "del": 0.0009649309245483528, 
    "dict(": 0.0007396386822529224, 
    "dir(": 5.526036131774708e-05, 
    "elif": 0.0032178533475026565, 
    "enumerate(": 0.0005993623804463337, 
    "eval(": 0.00015727948990435707, 
    "exec(": 1.700318809776833e-05, 
    "filter(": 0.007536663124335813, 
    "first_line": [
        "import", 
        "from"
    ], 
    "format(": 0.0010626992561105207, 
    "from": 0.038176408076514345, 
    "getattr(": 0.00246971307120085, 
    "hasattr(": 0.002414452709883103, 
    "import": 0.0411817215727949, 
    "in": 0.02854835281615303, 
    "input(": 7.226354941551541e-05, 
    "is": 0.016463336875664186, 
    "isinstance(": 0.004675876726886291, 
    "len(": 0.006461211477151966, 
    "list(": 0.0046928799149840595, 
    "not": 0.01510308182784272, 
    "open(": 0.000871413390010627, 
    "or": 0.006461211477151966, 
    "pass": 0.003953241232731137, 
    "print(": 0.0005356004250797025, 
    "range(": 0.0013219978746014877, 
    "round(": 2.5504782146652497e-05, 
    "self": 0.3119404888416578, 
    "staticmethod": 9.351753453772583e-05, 
    "str(": 0.0047013815090329435, 
    "super(": 0.005215727948990436, 
    "with": 0.01988097768331562, 
    "zip(": 0.0003698193411264612
}