{
    "#": 0.002728582323531904, 
    ":\n": 0.20949919498347597, 
    "@": 0.0192568426404542, 
    "False": 0.017032454876705364, 
    "None": 0.02750614354715702, 
    "True": 0.0249428014575036, 
    "and": 0.013964918227268875, 
    "as": 0.009016185069061943, 
    "classmethod": 0.0011736293534446234, 
    "def": 0.08652232861621896, 
    "del": 0.0009660198288280655, 
    "elif": 0.0031988814507245148, 
    "first_line": [
        "^(from .*)?import [^\"]*$", 
        "['|\"]{3}"
    ], 
    "from": 0.038183204813151427, 
    "in": 0.02856113888653504, 
    "is": 0.016706211338022203, 
    "not": 0.015053808999237353, 
    "or": 0.00650792305736802, 
    "pass": 0.0039572917549360225, 
    "self": 0.3107448521311753, 
    "staticmethod": 0.00015676637573087027, 
    "unique": [
        "classmethod", 
        "staticmethod", 
        ":\n"
    ], 
    "with": 0.02008728073892043
}