{
    "#": 3.890488311861543e-05, 
    ":\n": 0.23011682580616474, 
    "@": 2.223136178206596e-05, 
    "@classmethod": 0.0013561130687060237, 
    "@staticmethod": 9.448328757378034e-05, 
    "False": 0.019057834887676043, 
    "None": 0.029267587786089837, 
    "True": 0.02796705312183898, 
    "and": 0.008620210530996077, 
    "as": 0.007675377655258273, 
    "comments": [
        "#", 
        "'''", 
        "\"\"\""
    ], 
    "def": 0.09726220779653857, 
    "del": 0.0009726220779653858, 
    "elif": 0.003484765959338839, 
    "first_line": [
        "^(from .*)?import [^\"\\{]*$", 
        "['|\"]{3}", 
        "^#!.*python$"
    ], 
    "flags": [], 
    "from": 0.046819247913030916, 
    "in": 0.025566066049375856, 
    "is": 0.009720662939208341, 
    "not": 0.014355901870769095, 
    "or": 0.004596334048442137, 
    "pass": 0.004235074419483565, 
    "print(": 0.0004446272356413192, 
    "return": 0.043301134911018974, 
    "self": 0.3396729766681858, 
    "unique": [
        "@classmethod", 
        "@staticmethod", 
        ":\n"
    ], 
    "with": 0.018724364460945057
}