{
    "(": 0.056113696582648274,
    ")": 0.6709949724845438,
    "@": 0.0192778041986548,
    "False": 0.017184421496025545,
    "None": 0.0276428425844147,
    "True": 0.025014437122087098,
    "abs(": 5.095454854269991e-05,
    "all(": 0.005307765473197908,
    "and": 0.0138468985664787,
    "any(": 0.0002462803179563829,
    "as": 0.008921292207351043,
    "bool(": 0.0003142197160133161,
    "classmethod": 0.001171954616482098,
    "def": 0.08690722875195325,
    "del": 0.00096389020993274,
    "dict(": 0.0007473333786262654,
    "dir(": 5.520076092125824e-05,
    "elif": 0.0032101365581900946,
    "enumerate(": 0.0005987159453767239,
    "eval(": 0.00015710985800665805,
    "exec(": 1.6984849514233304e-05,
    "filter(": 0.007528534547183912,
    "first_line": [
        "^(from .*)?import [^\"]*$"
    ],
    "format(": 0.0010657993070181397,
    "from": 0.038181941707996464,
    "getattr(": 0.0024797880290780626,
    "hasattr(": 0.0024118486310211293,
    "in": 0.028551532033426183,
    "input(": 7.218561043549154e-05,
    "is": 0.016454072966913515,
    "isinstance(": 0.004662341191657042,
    "len(": 0.006454242815408655,
    "list(": 0.004687818465928392,
    "not": 0.015108023642910523,
    "open(": 0.0008704735376044568,
    "or": 0.006449996603030098,
    "pass": 0.003953223724437802,
    "print(": 0.0005350227596983491,
    "range(": 0.0013205720497316393,
    "round(": 2.5477274271349955e-05,
    "self": 0.3119097764793804,
    "staticmethod": 9.341667232828318e-05,
    "str(": 0.004704803315442626,
    "super(": 0.005210102588491066,
    "with": 0.01988501256878864,
    "zip(": 0.0003694204769345744
}