{
    "#": 0.010516995547943782, 
    ":\n": 0.20180992089390304, 
    "@": 0.018834982935862953, 
    "False": 0.01677315297863761, 
    "None": 0.027032419781928226, 
    "True": 0.024442661589687525, 
    "abs(": 4.988298283609699e-05, 
    "all(": 0.00519614404542677, 
    "and": 0.01374276177134472, 
    "any(": 0.0002411010837078021, 
    "as": 0.008787718809625754, 
    "bool(": 0.00030761172748926474, 
    "classmethod": 0.0011431516899938893, 
    "def": 0.0849340921089278, 
    "del": 0.00093946284341316, 
    "dict(": 0.0007233032511234064, 
    "dir(": 5.8196813308779824e-05, 
    "elif": 0.003138471003437769, 
    "enumerate(": 0.0005861250483241397, 
    "eval(": 0.00015380586374463237, 
    "exec(": 1.6627660945365663e-05, 
    "filter(": 0.007357739968324306, 
    "format(": 0.0010433857243216953, 
    "from": 0.0374080802118364, 
    "getattr(": 0.0024151677523143625, 
    "hasattr(": 0.0023528140237692413, 
    "in": 0.02821714062428553, 
    "input(": 7.066755901780407e-05, 
    "is": 0.016407344437839567, 
    "isinstance(": 0.004576763675211899, 
    "len(": 0.006335138820184318, 
    "list(": 0.004601705166629947, 
    "not": 0.014881756546102269, 
    "open(": 0.0008521676234499902, 
    "or": 0.006397492548729439, 
    "pass": 0.0038700880850338583, 
    "print(": 0.0005237713197790184, 
    "range(": 0.0012928006385021804, 
    "round(": 2.4941491418048493e-05, 
    "self": 0.3049637724837153, 
    "staticmethod": 9.145213519951115e-05, 
    "str(": 0.004601705166629947, 
    "super(": 0.0051088488254636, 
    "with": 0.019732876626912702, 
    "zip(": 0.00035333779508902035
}