{
    "#": 0.0027177818166448284, 
    ":\n": 0.20954393676824887, 
    "@": 0.019227355340462403, 
    "False": 0.01702946024768587, 
    "None": 0.027461008495709878, 
    "True": 0.02495878946701044, 
    "and": 0.013960860560463249, 
    "as": 0.009045183651041887, 
    "classmethod": 0.0011750285303689927, 
    "def": 0.0865632528847373, 
    "del": 0.000959465742423602, 
    "elif": 0.0031827211631937106, 
    "first_line": [
        "^(from .*)?import [^\"]*$", 
        "['|\"]{3}"
    ], 
    "from": 0.0381165729743438, 
    "in": 0.02855150259943362, 
    "is": 0.01671245614776618, 
    "not": 0.01503444777885794, 
    "or": 0.006509150851684348, 
    "pass": 0.0039477577243332345, 
    "print": 2.113360666131282e-05, 
    "print(": 0.0005283401665328205, 
    "self": 0.31041886808402724, 
    "staticmethod": 9.298786930977641e-05, 
    "unique": [
        "classmethod", 
        "staticmethod", 
        ":\n"
    ], 
    "with": 0.020131873705566593
}