{
    "$": 0.17792865610518374, 
    "...": 0.02004526349822179, 
    "<-": 0.23881883823687897, 
    "<<-": 0.02004526349822179, 
    "FALSE": 0.038150662786938246, 
    "Inf": 0.0004310809354456299, 
    "NA_character_": 0.0006466214031684449, 
    "NA_complex_": 0.00010777023386140747, 
    "NA_integer_": 0.00010777023386140747, 
    "NA_real_": 0.00021554046772281495, 
    "TRUE": 0.03405539390020476, 
    "c(": 0.027050328699213276, 
    "first_line": [], 
    "function(": 0.08600064662140317, 
    "library(": 0.003771958185149262, 
    "png(": 0.0007543916370298524, 
    "return(": 0.02985235477960987, 
    "runif(": 0.00032331070158422246, 
    "seq(": 0.00021554046772281495, 
    "source(": 0.00032331070158422246, 
    "{": 0.16531953874339908, 
    "}": 0.1654273089772605
}