{
    "$": 0.1748986967473442, 
    "...": 0.01993209944146315, 
    ":": 0.003504544956740773, 
    "::": 0.011389771109407512, 
    ";": 0.0012046873288796408, 
    "<-": 0.23754243784908552, 
    "<<-": 0.020370167561055745, 
    "FALSE": 0.038659511554046656, 
    "Inf": 0.00043806811959259663, 
    "NA": 0.0038330960464352205, 
    "NA_character_": 0.000657102179388895, 
    "NA_complex_": 0.00010951702989814916, 
    "NA_integer_": 0.00010951702989814916, 
    "NA_real_": 0.00021903405979629831, 
    "NULL": 0.047639908005694884, 
    "TRUE": 0.03395027926842624, 
    "c(": 0.027379257474537292, 
    "first_line": [
        "^(library|context|source|isolate)\\(.*(\\))?$", 
        "^#!.*Rscript$"
    ], 
    "function(": 0.08454714708137115, 
    "library(": 0.0038330960464352205, 
    "list(": 0.0398641988829263, 
    "png(": 0.0007666192092870441, 
    "return(": 0.029131529952907676, 
    "runif(": 0.0003285510896944475, 
    "seq(": 0.00021903405979629831, 
    "source(": 0.0003285510896944475, 
    "unique": [
        "<<-", 
        "ifelse", 
        "...", 
        "function("
    ], 
    "{": 0.16569926623589967, 
    "}": 0.1626327893987515
}