{
    "$": 0.19042583870037488, 
    "...": 0.018167836201095838, 
    ":": 0.0025954051715851197, 
    "::": 0.009708737864077669, 
    ";": 0.001922522349322311, 
    "<-": 0.23973853696049216, 
    "<<-": 0.019129097375756993, 
    "FALSE": 0.035758915697394984, 
    "Inf": 0.00038450446986446215, 
    "NA": 0.003556666346246275, 
    "NA_character_": 0.0005767567047966932, 
    "NA_complex_": 9.612611746611554e-05, 
    "NA_integer_": 9.612611746611554e-05, 
    "NA_real_": 0.00019225223493223107, 
    "NULL": 0.047486302028261075, 
    "TRUE": 0.03364414111314044, 
    "c(": 0.024896664423723926, 
    "comments": [
        "#"
    ], 
    "first_line": [
        "^(library|context|source|isolate)\\(.*(\\))?$", 
        "^#!.*Rscript$", 
        "^.{1,} <- .*\\(.{1,}$"
    ], 
    "flags": [
        "@", 
        "=>"
    ], 
    "function(": 0.08939728924348746, 
    "library(": 0.003364414111314044, 
    "list(": 0.039988464865904065, 
    "png(": 0.0006728828222628088, 
    "return(": 0.02883783523983466, 
    "runif(": 0.0002883783523983466, 
    "seq(": 0.00019225223493223107, 
    "source(": 0.0002883783523983466, 
    "unique": [
        "<<-", 
        "ifelse", 
        "...", 
        "function("
    ], 
    "{": 0.168893588387965, 
    "}": 0.168893588387965
}