{
    "$": 0.17827448439693339, 
    "...": 0.02008422416585682, 
    ":": 0.0034553503941259045, 
    "::": 0.011769787279991362, 
    ";": 0.0011877766979807797, 
    "<-": 0.23928301479321887, 
    "<<-": 0.02008422416585682, 
    "FALSE": 0.038224813735017814, 
    "Inf": 0.00043191879926573806, 
    "NA": 0.003779289493575208, 
    "NA_character_": 0.0006478781988986071, 
    "NA_complex_": 0.00010797969981643452, 
    "NA_integer_": 0.00010797969981643452, 
    "NA_real_": 0.00021595939963286903, 
    "NULL": 0.04729510851959832, 
    "TRUE": 0.03433754454162617, 
    "c(": 0.02710290465392506, 
    "comments": [
        "#"
    ], 
    "first_line": [
        "^(library|context|source|isolate)\\(.*(\\))?$", 
        "^#!.*Rscript$", 
        "^.{1,} <- .*\\(.{1,}$"
    ], 
    "function(": 0.08627578015333118, 
    "library(": 0.003779289493575208, 
    "list(": 0.0400604686318972, 
    "png(": 0.0007558578987150416, 
    "return(": 0.02991037684915236, 
    "runif(": 0.00032393909944930353, 
    "seq(": 0.00021595939963286903, 
    "source(": 0.00032393909944930353, 
    "unique": [
        "<<-", 
        "ifelse", 
        "...", 
        "function("
    ], 
    "{": 0.1658568189180434, 
    "}": 0.1658568189180434
}