{
    "$": 0.17833981841763943, 
    "...": 0.020103761348897537, 
    "<-": 0.2395157803718115, 
    "<<-": 0.020103761348897537, 
    "FALSE": 0.03826199740596628, 
    "Inf": 0.00043233895373973193, 
    "NA": 0.0037829658452226546, 
    "NA_character_": 0.0006485084306095979, 
    "NA_complex_": 0.00010808473843493298, 
    "NA_integer_": 0.00010808473843493298, 
    "NA_real_": 0.00021616947686986597, 
    "NULL": 0.04734111543450065, 
    "TRUE": 0.03437094682230869, 
    "c(": 0.02712926934716818, 
    "context(": 0.001621271076523995, 
    "first_line": [
        "library(", 
        "context("
    ], 
    "function(": 0.08625162127107652, 
    "library(": 0.0037829658452226546, 
    "list(": 0.0399913532209252, 
    "png(": 0.0007565931690445309, 
    "return(": 0.02993947254647644, 
    "runif(": 0.00032425421530479895, 
    "seq(": 0.00021616947686986597, 
    "source(": 0.00032425421530479895, 
    "{": 0.16591007349762213, 
    "}": 0.16591007349762213
}