{
    "$": 0.17646430098332622, 
    "...": 0.019880290722530995, 
    ":": 0.003420265070542967, 
    "::": 0.011650277896536982, 
    ";": 0.001175716117999145, 
    "<-": 0.23685335613510047, 
    "<<-": 0.019880290722530995, 
    "FALSE": 0.037836682342881574, 
    "Inf": 0.00042753313381787086, 
    "NA": 0.0037409149209063704, 
    "NA_character_": 0.0006412997007268063, 
    "NA_complex_": 0.00010688328345446772, 
    "NA_integer_": 0.00010688328345446772, 
    "NA_real_": 0.00021376656690893543, 
    "NULL": 0.046921761436511326, 
    "TRUE": 0.0337751175716118, 
    "c(": 0.026827704147071398, 
    "first_line": [
        "^(library|context|source|isolate)\\(.*(\\))?$"
    ], 
    "function(": 0.08529286019666524, 
    "library(": 0.0037409149209063704, 
    "list(": 0.03954681487815306, 
    "png(": 0.000748182984181274, 
    "return(": 0.02960666951688756, 
    "runif(": 0.0003206498503634032, 
    "seq(": 0.00021376656690893543, 
    "source(": 0.0003206498503634032, 
    "unique": [
        "<<-", 
        "ifelse", 
        "..."
    ], 
    "{": 0.16663103890551517, 
    "}": 0.16417272338606242
}