{
    "$": 0.1774967291757523, 
    "...": 0.020279110335804623, 
    ":": 0.0034888791975577847, 
    "::": 0.011883994766681203, 
    ";": 0.0011993022241604885, 
    "<-": 0.23691670300915832, 
    "<<-": 0.01875272568687309, 
    "FALSE": 0.037723506323593545, 
    "Inf": 0.0004361098996947231, 
    "NA": 0.003815961622328827, 
    "NA_character_": 0.0006541648495420846, 
    "NA_complex_": 0.00010902747492368077, 
    "NA_integer_": 0.00010902747492368077, 
    "NA_real_": 0.00021805494984736154, 
    "NULL": 0.04611862189271696, 
    "TRUE": 0.0340165721761884, 
    "c(": 0.02682075883122547, 
    "first_line": [
        "^(library|context|source|isolate)\\(.*(\\))?$"
    ], 
    "function(": 0.08700392498909726, 
    "library(": 0.003815961622328827, 
    "list(": 0.040340165721761884, 
    "png(": 0.0007631923244657653, 
    "return(": 0.030200610553859572, 
    "runif(": 0.0003270824247710423, 
    "seq(": 0.00021805494984736154, 
    "source(": 0.0003270824247710423, 
    "{": 0.1665939816833842, 
    "}": 0.1638682948102922
}