{
    "$": 0.17731715175598753, 
    "...": 0.019976372033079153, 
    ":": 0.003436795188486736, 
    "::": 0.011706583610782945, 
    ";": 0.0011813983460423156, 
    "<-": 0.23799806680270646, 
    "<<-": 0.019976372033079153, 
    "FALSE": 0.03801954677263452, 
    "Inf": 0.000429599398560842, 
    "NA": 0.0037589947374073677, 
    "NA_character_": 0.000644399097841263, 
    "NA_complex_": 0.0001073998496402105, 
    "NA_integer_": 0.0001073998496402105, 
    "NA_real_": 0.000214799699280421, 
    "NULL": 0.0470411341424122, 
    "TRUE": 0.03415315218558694, 
    "c(": 0.026957362259692835, 
    "comments": [
        "#"
    ], 
    "first_line": [
        "^(library|context|source|isolate)\\(.*(\\))?$", 
        "^#!.*Rscript$"
    ], 
    "function(": 0.0858124798625282, 
    "library(": 0.0037589947374073677, 
    "list(": 0.0398453442165181, 
    "png(": 0.0007517989474814735, 
    "return(": 0.029749758350338308, 
    "runif(": 0.0003221995489206315, 
    "seq(": 0.000214799699280421, 
    "source(": 0.0003221995489206315, 
    "unique": [
        "<<-", 
        "ifelse", 
        "...", 
        "function("
    ], 
    "{": 0.1676511652883686, 
    "}": 0.16507356889700353
}