{
    "$": 0.1764391754779451, 
    "...": 0.01986542774751682, 
    ":": 0.0034177079995727864, 
    "::": 0.011641567873544804, 
    ";": 0.0011748371248531454, 
    "<-": 0.23667627897041546, 
    "<<-": 0.01986542774751682, 
    "FALSE": 0.03780839474527395, 
    "Inf": 0.0004272134999465983, 
    "NA": 0.003738118124532735, 
    "NA_character_": 0.0006408202499198974, 
    "NA_complex_": 0.00010680337498664957, 
    "NA_integer_": 0.00010680337498664957, 
    "NA_real_": 0.00021360674997329915, 
    "NULL": 0.04688668161913916, 
    "TRUE": 0.03374986649578127, 
    "c(": 0.026807647121649045, 
    "first_line": [
        "^(library|context|source|isolate)\\(.*(\\))?$"
    ], 
    "function(": 0.08533589661433301, 
    "library(": 0.003738118124532735, 
    "list(": 0.03962405212004699, 
    "png(": 0.0007476236249065471, 
    "return(": 0.029584534871301933, 
    "runif(": 0.0003204101249599487, 
    "seq(": 0.00021360674997329915, 
    "source(": 0.0003204101249599487, 
    "unique": [
        "<<-", 
        "ifelse", 
        "...", 
        "function("
    ], 
    "{": 0.16661326497917334, 
    "}": 0.1641567873544804
}