{
    "!": 0.026183793398585616, 
    "$": 0.004073884582833262, 
    "::": 0.0677785375136872, 
    "?": 0.051502125401052895, 
    "@": 0.08709601839942238, 
    "Array": 0.0010280342550576895, 
    "Bignum": 1.912621869874771e-05, 
    "Class": 0.0023620880092953423, 
    "File": 0.004317743871242296, 
    "Fixnum": 4.781554674686928e-05, 
    "Hash": 0.002041723846091318, 
    "Method": 5.25971014215562e-05, 
    "NilClass": 8.128642946967776e-05, 
    "TrueClass": 8.128642946967776e-05, 
    "alias": 0.0014392479570807652, 
    "begin": 0.002041723846091318, 
    "chomp": 8.128642946967776e-05, 
    "defined": 0.0011475731219248626, 
    "each": 0.006082137546201772, 
    "elsif": 0.0013101459808642182, 
    "end": 0.22628229342488418, 
    "ensure": 0.003036287218426199, 
    "false": 0.010390318308094695, 
    "first_line": [
        "^require(_relative)? ('|\").*('|\")$", 
        "^<%.*%>$", 
        "^module .*$"
    ], 
    "gets": 4.781554674686928e-05, 
    "module": 0.012881508293606583, 
    "nil": 0.015320101177696917, 
    "not": 0.0004303399207218235, 
    "puts": 0.0011714808952982972, 
    "redo": 1.912621869874771e-05, 
    "require": 0.019943864548119177, 
    "require_dependency": 0.0001912621869874771, 
    "rescue": 0.0020704131741394395, 
    "retry": 6.216021077093006e-05, 
    "then": 0.0006550729904321091, 
    "to_f": 0.00032514571787871106, 
    "to_i": 0.0010519420284311241, 
    "true": 0.016424640307549598, 
    "undef": 5.7378656096243136e-05, 
    "unique": [
        "elsif", 
        "chomp", 
        "to_i", 
        "to_f", 
        "rescue", 
        "end"
    ], 
    "unless": 0.004623763370422259, 
    "when": 0.0035192242405695786, 
    "|": 0.0707048489745956
}