{
    "!": 0.026242204691118393,
    "$": 0.0041366785498083,
    "?": 0.052095244501244364,
    "Array": 0.0010185549971653421,
    "Bignum": 1.9218018814440418e-05,
    "Class": 0.0023734253235833916,
    "File": 0.0044153398226176865,
    "Fixnum": 4.8045047036101046e-05,
    "Hash": 0.0020371099943306843,
    "Method": 4.8045047036101046e-05,
    "NilClass": 8.167657996137178e-05,
    "TrueClass": 8.167657996137178e-05,
    "alias": 0.0014461559157866416,
    "begin": 0.002056328013145125,
    "chomp": 8.167657996137178e-05,
    "defined": 0.0011530811288664252,
    "each": 0.006159375030028154,
    "elsif": 0.0013164342887891688,
    "end": 0.22719061391961104,
    "ensure": 0.0030364469726815863,
    "false": 0.01056991034794223,
    "first_line": [
        "^require(_relative)? ('|\").*('|\")$",
        "^<%.*%>$",
        "^module .*$"
    ],
    "gets": 4.8045047036101046e-05,
    "module": 0.012924117652711183,
    "nil": 0.015388828565663166,
    "not": 0.0001873756834407941,
    "puts": 0.0011867126617916958,
    "redo": 1.9218018814440418e-05,
    "require": 0.02002517560464692,
    "rescue": 0.0020899595460703957,
    "then": 0.0006630216490981944,
    "to_f": 0.00032670631984548713,
    "to_i": 0.0010906225677194939,
    "true": 0.016690849340341506,
    "undef": 5.7654056443321256e-05,
    "unless": 0.004876572274164256,
    "when": 0.003488070414820936,
    "|": 0.07172645072019526
}