{
    "!": 0.02676259416195857, 
    "$": 0.0041588198367859385, 
    "::": 0.06762986503452605, 
    "?": 0.05237268518518518, 
    "@": 0.08737445072190834, 
    "Array": 0.00105441776522285, 
    "Bignum": 1.9617074701820466e-05, 
    "Class": 0.0023932831136220965, 
    "File": 0.0042961393596986815, 
    "Fixnum": 4.904268675455116e-05, 
    "Hash": 0.002069601381042059, 
    "Method": 5.394695543000628e-05, 
    "NilClass": 8.337256748273698e-05, 
    "TrueClass": 8.337256748273698e-05, 
    "alias": 0.0014614720652856247, 
    "begin": 0.002069601381042059, 
    "chomp": 7.356403013182674e-05, 
    "defined": 0.0011770244821092278, 
    "each": 0.0061450486503452605, 
    "elsif": 0.0013437696170747017, 
    "end": 0.2262339139987445, 
    "ensure": 0.0030308380414312617, 
    "false": 0.010475517890772128, 
    "first_line": [
        "^require(_relative)? ('|\").*('|\")$", 
        "^<%.*%>$", 
        "^module .*$"
    ], 
    "gets": 4.904268675455116e-05, 
    "module": 0.013163057124921532, 
    "nil": 0.015286605461393597, 
    "not": 0.00044138418079096045, 
    "puts": 0.0011672159447583177, 
    "redo": 1.9617074701820466e-05, 
    "require": 0.020440991839296926, 
    "require_dependency": 0.00019617074701820463, 
    "rescue": 0.0020941227244193348, 
    "then": 0.0006718848085373509, 
    "to_f": 0.0003334902699309479, 
    "to_i": 0.0010838433772755807, 
    "true": 0.016483247018204646, 
    "undef": 5.885122410546139e-05, 
    "unless": 0.0047473320778405525, 
    "when": 0.0036095417451349654, 
    "|": 0.0711217043314501
}