{
    "!": 0.026195022275818176, 
    "$": 0.004072335395820473, 
    "::": 0.06758832565284179, 
    "?": 0.051504754248197115, 
    "@": 0.08719391685927712, 
    "Array": 0.001028850893186136, 
    "Bignum": 1.914141196625369e-05, 
    "Class": 0.0023639643778323306, 
    "File": 0.004373812634288968, 
    "Fixnum": 4.7853529915634225e-05, 
    "Hash": 0.0020337750214144547, 
    "Method": 5.263888290719765e-05, 
    "NilClass": 8.135100085657818e-05, 
    "TrueClass": 8.135100085657818e-05, 
    "alias": 0.0014403912504605903, 
    "begin": 0.0020433457273975816, 
    "chomp": 8.135100085657818e-05, 
    "defined": 0.0011484847179752213, 
    "each": 0.0060821836522771105, 
    "elsif": 0.001311186719688378, 
    "end": 0.22623713338214393, 
    "ensure": 0.0030291284436596466, 
    "false": 0.010393786697675754, 
    "first_line": [
        "^require(_relative)? ('|\").*('|\")$", 
        "^<%.*%>$", 
        "^module .*$"
    ], 
    "gets": 4.7853529915634225e-05, 
    "module": 0.012901311665254987, 
    "nil": 0.015250919984112628, 
    "not": 0.00043068176924070806, 
    "puts": 0.0011724114829330386, 
    "redo": 1.914141196625369e-05, 
    "require": 0.019969278033794162, 
    "require_dependency": 0.0001914141196625369, 
    "rescue": 0.002072057845346962, 
    "retry": 6.22095888903245e-05, 
    "then": 0.000655593359844189, 
    "to_f": 0.00032540400342631273, 
    "to_i": 0.0010575630111355164, 
    "true": 0.016461614290978175, 
    "undef": 5.7424235898761074e-05, 
    "unique": [
        "elsif", 
        "chomp", 
        "to_i", 
        "to_f", 
        "rescue", 
        "end"
    ], 
    "unless": 0.004651363107799647, 
    "when": 0.003522019801790679, 
    "|": 0.0706605222734255
}