{
    "!": 0.018789164083716378, 
    "$": 0.0041455152625972805, 
    "::": 0.06806513832778359, 
    "?": 0.05207323743630589, 
    "@": 0.0007868802118818912, 
    "Array": 0.001017186615359518, 
    "Bignum": 1.9192200289802225e-05, 
    "Class": 0.0023702367357905747, 
    "File": 0.004361427515857556, 
    "Fixnum": 4.798050072450556e-05, 
    "Hash": 0.002043969330863937, 
    "Method": 4.798050072450556e-05, 
    "NilClass": 8.156685123165946e-05, 
    "TrueClass": 8.156685123165946e-05, 
    "alias": 0.0014442130718076173, 
    "begin": 0.0020487673809363874, 
    "chomp": 8.156685123165946e-05, 
    "comments": [
        "#", 
        "="
    ], 
    "defined": 0.0011515320173881335, 
    "each": 0.006155898242954063, 
    "elsif": 0.0013146657198514523, 
    "end": 0.22708691187901237, 
    "ensure": 0.0030419637459336525, 
    "false": 0.010574902359681025, 
    "first_line": [
        "^require(_relative)? ('|\").*('|\")$", 
        "^<%.*%>$", 
        "^module .*$", 
        "^#!.*ruby$"
    ], 
    "gets": 4.798050072450556e-05, 
    "has_key": 0.0004030362060858467, 
    "module": 0.012805995643370535, 
    "nil": 0.01544972123329079, 
    "not": 0.0001967200529704728, 
    "puts": 0.0011803203178228367, 
    "redo": 1.9192200289802225e-05, 
    "require": 0.020007868802118817, 
    "require_dependency": 0.0001967200529704728, 
    "rescue": 0.002087151781515992, 
    "retry": 6.237465094185723e-05, 
    "then": 0.0006717270101430779, 
    "to_f": 0.00032626740492663783, 
    "to_i": 0.0010843593163738256, 
    "true": 0.01663963765125853, 
    "undef": 5.757660086940667e-05, 
    "unique": [
        "elsif", 
        "chomp", 
        "to_i", 
        "to_f", 
        "rescue", 
        "puts", 
        "end"
    ], 
    "unless": 0.004836434473030161, 
    "when": 0.0034833843525991035, 
    "|": 0.07179322323407768
}