{
    "!": 0.018739515935777617, 
    "$": 0.004140905823148814, 
    "::": 0.06799904145698538, 
    "?": 0.052010543973160794, 
    "@": 0.0885549964054637, 
    "Array": 0.0010208483105679368, 
    "Bignum": 1.917086029235562e-05, 
    "Class": 0.002367601246105919, 
    "File": 0.004356578001437814, 
    "Fixnum": 4.792715073088905e-05, 
    "Hash": 0.0020369039060627848, 
    "Method": 5.271986580397795e-05, 
    "NilClass": 8.147615624251138e-05, 
    "TrueClass": 8.147615624251138e-05, 
    "alias": 0.0014426072369997604, 
    "begin": 0.0020464893362089624, 
    "chomp": 8.147615624251138e-05, 
    "defined": 0.0011502516175413372, 
    "each": 0.006149053438773065, 
    "elsif": 0.00131320393002636, 
    "end": 0.2267721063982746, 
    "ensure": 0.0030385813563383658, 
    "false": 0.010572729451234124, 
    "first_line": [
        "^require(_relative)? ('|\").*('|\")$", 
        "^<%.*%>$", 
        "^module .*$"
    ], 
    "gets": 4.792715073088905e-05, 
    "module": 0.012916367121974599, 
    "nil": 0.015427749820273185, 
    "not": 0.0002108794632159118, 
    "puts": 0.0011790079079798707, 
    "redo": 1.917086029235562e-05, 
    "require": 0.019985621854780734, 
    "require_dependency": 0.0001965013179966451, 
    "rescue": 0.0020848310567936736, 
    "retry": 6.230529595015576e-05, 
    "then": 0.0006661873951593578, 
    "to_f": 0.0003259046249700455, 
    "to_i": 0.0010831536065180926, 
    "true": 0.0166307213036185, 
    "undef": 5.751258087706686e-05, 
    "unique": [
        "elsif", 
        "chomp", 
        "to_i", 
        "to_f", 
        "rescue", 
        "end", 
        "puts"
    ], 
    "unless": 0.004845434938892883, 
    "when": 0.003479511143062545, 
    "|": 0.07168463934819075
}