{
    "!": 0.02623064312190807, 
    "$": 0.0041394031759462695, 
    "?": 0.05214398007701886, 
    "Array": 0.0010192258691063985, 
    "Bignum": 1.9230676775592426e-05, 
    "Class": 0.0023749885817856645, 
    "File": 0.004418247989192359, 
    "Fixnum": 4.8076691938981066e-05, 
    "Hash": 0.0020480670766005933, 
    "Method": 4.8076691938981066e-05, 
    "NilClass": 8.17303762962678e-05, 
    "TrueClass": 8.17303762962678e-05, 
    "alias": 0.00144710842736333, 
    "begin": 0.0020480670766005933, 
    "chomp": 8.17303762962678e-05, 
    "defined": 0.0011538406065355455, 
    "each": 0.006163431906577372, 
    "elsif": 0.0013173013591280811, 
    "end": 0.2271816000884611, 
    "ensure": 0.003028831592155807, 
    "false": 0.010562449218994139, 
    "first_line": [
        "require"
    ], 
    "gets": 4.8076691938981066e-05, 
    "module": 0.012798015394156759, 
    "nil": 0.015398964428055634, 
    "not": 0.00018269142936812804, 
    "puts": 0.0011874942908928323, 
    "redo": 1.9230676775592426e-05, 
    "require": 0.020038365200167305, 
    "rescue": 0.0020913360993456763, 
    "then": 0.0006634583487579387, 
    "to_f": 0.0003269215051850712, 
    "to_i": 0.0010913409070148702, 
    "true": 0.016672996764438633, 
    "undef": 5.769203032677727e-05, 
    "unless": 0.004879784231806578, 
    "when": 0.003490367834770025
}