{
    "!": 0.01878001783095108, 
    "$": 0.004141382186304679, 
    "::": 0.06802603702318982, 
    "?": 0.052021320449033195, 
    "@": 0.08856518363003653, 
    "Array": 0.0010209657473181674, 
    "Bignum": 1.9173065677336478e-05, 
    "Class": 0.002367873611151055, 
    "File": 0.004357079175174715, 
    "Fixnum": 4.79326641933412e-05, 
    "Hash": 0.002041931494636335, 
    "Method": 5.2725930612675314e-05, 
    "NilClass": 8.148552912868004e-05, 
    "TrueClass": 8.148552912868004e-05, 
    "alias": 0.00144277319221957, 
    "begin": 0.002046724761055669, 
    "chomp": 8.148552912868004e-05, 
    "comments": [
        "#", 
        "="
    ], 
    "defined": 0.0011503839406401886, 
    "each": 0.006149760816005675, 
    "elsif": 0.0013133549988975487, 
    "end": 0.2268700928935032, 
    "ensure": 0.003038930909857832, 
    "false": 0.010569152454631733, 
    "first_line": [
        "^require(_relative)? ('|\").*('|\")$", 
        "^<%.*%>$", 
        "^module .*$", 
        "^#!.*ruby$"
    ], 
    "gets": 4.79326641933412e-05, 
    "module": 0.012917853000105452, 
    "nil": 0.015434317870255865, 
    "not": 0.000201317189612033, 
    "puts": 0.0011791435391561933, 
    "redo": 1.9173065677336478e-05, 
    "require": 0.019987920968623278, 
    "require_dependency": 0.0001965239231926989, 
    "rescue": 0.002085070892410342, 
    "retry": 6.231246345134355e-05, 
    "then": 0.0006758505651261108, 
    "to_f": 0.00032594211651472014, 
    "to_i": 0.001083278210769511, 
    "true": 0.016632634475089395, 
    "undef": 5.751919703200943e-05, 
    "unique": [
        "elsif", 
        "chomp", 
        "to_i", 
        "to_f", 
        "rescue", 
        "end", 
        "puts"
    ], 
    "unless": 0.004845992349946795, 
    "when": 0.0034799114204365706, 
    "|": 0.07172164543249643
}