{
    "!": 0.02618508211875488, 
    "$": 0.0040568437085394884, 
    "?": 0.051503235416676646, 
    "Array": 0.0010249876666203665, 
    "Bignum": 1.915864797421246e-05, 
    "Class": 0.002366093024815239, 
    "File": 0.0043777510621075474, 
    "Fixnum": 4.789661993553115e-05, 
    "Hash": 0.00204518567124718, 
    "Method": 5.268628192908426e-05, 
    "NilClass": 8.142425389040295e-05, 
    "TrueClass": 8.142425389040295e-05, 
    "alias": 0.0014416882600594876, 
    "begin": 0.002040396009253627, 
    "chomp": 8.142425389040295e-05, 
    "defined": 0.0011495188784527476, 
    "each": 0.006092450055799562, 
    "elsif": 0.0013123673862335534, 
    "end": 0.22628758088541692, 
    "ensure": 0.0030222767179320154, 
    "false": 0.010383987202023152, 
    "first_line": [], 
    "gets": 4.789661993553115e-05, 
    "module": 0.012745290564844839, 
    "nil": 0.015250283787473118, 
    "not": 0.00040233160745846165, 
    "puts": 0.0011782568504140663, 
    "redo": 1.915864797421246e-05, 
    "require": 0.019968100851122935, 
    "rescue": 0.0020739236432084987, 
    "then": 0.0006513940311232236, 
    "to_f": 0.0003256970155616118, 
    "to_i": 0.0010585153005752384, 
    "true": 0.016428540637887186, 
    "undef": 5.747594392263738e-05, 
    "unless": 0.004645972133746522, 
    "when": 0.003525191227255093
}