{
    "!": 0.018759226241828186, 
    "$": 0.004141024903663657, 
    "::": 0.06800099691340274, 
    "?": 0.051992868234888134, 
    "@": 0.08855754299189049, 
    "Array": 0.0010208776672226375, 
    "Bignum": 1.9171411591035448e-05, 
    "Class": 0.0023676693314928776, 
    "File": 0.004356703284062805, 
    "Fixnum": 4.792852897758862e-05, 
    "Hash": 0.0020369624815475165, 
    "Method": 5.2721381875347484e-05, 
    "NilClass": 8.147849926190066e-05, 
    "TrueClass": 8.147849926190066e-05, 
    "alias": 0.0014426487222254174, 
    "begin": 0.002046548187343034, 
    "chomp": 8.147849926190066e-05, 
    "defined": 0.0011502846954621268, 
    "each": 0.00614923026782462, 
    "elsif": 0.0013132416939859281, 
    "end": 0.2267786277103583, 
    "ensure": 0.0030386687371791185, 
    "false": 0.010568240639558291, 
    "first_line": [
        "^require(_relative)? ('|\").*('|\")$", 
        "^<%.*%>$", 
        "^module .*$", 
        "^#!.*ruby$"
    ], 
    "gets": 4.792852897758862e-05, 
    "module": 0.012916738559460133, 
    "nil": 0.015428193477885778, 
    "not": 0.00019650696880811334, 
    "puts": 0.00117904181284868, 
    "redo": 1.9171411591035448e-05, 
    "require": 0.019986196583654456, 
    "require_dependency": 0.00019650696880811334, 
    "rescue": 0.002084891010525105, 
    "retry": 6.230708767086521e-05, 
    "then": 0.0006662065527884818, 
    "to_f": 0.0003259139970476026, 
    "to_i": 0.0010831847548935028, 
    "true": 0.016631199555223252, 
    "undef": 5.751423477310634e-05, 
    "unique": [
        "elsif", 
        "chomp", 
        "to_i", 
        "to_f", 
        "rescue", 
        "end", 
        "puts"
    ], 
    "unless": 0.004845574279634209, 
    "when": 0.003479611203772934, 
    "|": 0.0716867007917793
}