{
    "!": 0.018855557877538613, 
    "$": 0.00410832684233524, 
    "::": 0.06794650151034444, 
    "=>": 0.07160362482664286, 
    "?": 0.0524963428766837, 
    "@": 0.0008074168360658852, 
    "Array": 0.0010211448220833253, 
    "Bignum": 1.899804320155024e-05, 
    "Class": 0.002389003932594943, 
    "File": 0.004298307274350742, 
    "Fixnum": 4.74951080038756e-05, 
    "Hash": 0.002009043068563938, 
    "Method": 5.2244618804263164e-05, 
    "NilClass": 8.074168360658852e-05, 
    "TrueClass": 8.074168360658852e-05, 
    "alias": 0.001434352261717043, 
    "begin": 0.0020897847521705263, 
    "chomp": 8.549119440697608e-05, 
    "comments": [
        "#", 
        "="
    ], 
    "def": 0.11651024944430724, 
    "defined": 0.001144632102893402, 
    "each": 0.00615061648650189, 
    "elsif": 0.0013203640025077417, 
    "end": 0.22714060451773468, 
    "ensure": 0.0030586849554495887, 
    "false": 0.01068639930087201, 
    "first_line": [
        "^require(_relative)? ('|\").*('|\")$", 
        "^<%.*%>$", 
        "^module .*$", 
        "^#!.*ruby$"
    ], 
    "flags": [], 
    "gets": 4.74951080038756e-05, 
    "has_key": 0.0003942093964321675, 
    "module": 0.012747686988240211, 
    "nil": 0.015488154720063834, 
    "not": 0.00018523092121511484, 
    "puts": 0.0011636301460949522, 
    "redo": 1.899804320155024e-05, 
    "require": 0.020137925793643256, 
    "require_dependency": 0.00019472994281588996, 
    "rescue": 0.002104033284571689, 
    "retry": 6.174364040503828e-05, 
    "then": 0.0006554324904534833, 
    "to_f": 0.0003229667344263541, 
    "to_i": 0.0011303835704922394, 
    "true": 0.0167230275281646, 
    "undef": 5.699412960465072e-05, 
    "unique": [
        "elsif", 
        "chomp", 
        "to_i", 
        "to_f", 
        "rescue", 
        "puts", 
        "end", 
        "=>"
    ], 
    "unless": 0.0048065049299922105, 
    "when": 0.0035336360354883446, 
    "|": 0.04515834869008492
}