{
    "!": 0.026188825399861334, 
    "$": 0.004073923542209578, 
    "::": 0.0677791856934516, 
    "?": 0.05150261792621991, 
    "@": 0.08709685131613551, 
    "Array": 0.0010280440863557033, 
    "Bignum": 1.9126401606617736e-05, 
    "Class": 0.0023621105984172903, 
    "File": 0.004317785162693954, 
    "Fixnum": 4.781600401654434e-05, 
    "Hash": 0.002041743371506443, 
    "Method": 5.259760441819877e-05, 
    "NilClass": 8.128720682812537e-05, 
    "TrueClass": 8.128720682812537e-05, 
    "alias": 0.0014392617208979846, 
    "begin": 0.002041743371506443, 
    "chomp": 8.128720682812537e-05, 
    "defined": 0.001147584096397064, 
    "each": 0.00608219571090444, 
    "elsif": 0.0013101585100533148, 
    "end": 0.22627967580749278, 
    "ensure": 0.0030363162550505656, 
    "false": 0.010395199273196739, 
    "first_line": [
        "^require(_relative)? ('|\").*('|\")$", 
        "^<%.*%>$", 
        "^module .*$"
    ], 
    "gets": 4.781600401654434e-05, 
    "module": 0.012881631482057045, 
    "nil": 0.015320247686900806, 
    "not": 0.000430344036148899, 
    "puts": 0.0011714920984053363, 
    "redo": 1.9126401606617736e-05, 
    "require": 0.019944055275300642, 
    "require_dependency": 0.00019126401606617735, 
    "rescue": 0.00207043297391637, 
    "retry": 6.216080522150764e-05, 
    "then": 0.0006550792550266574, 
    "to_f": 0.0003251488273125015, 
    "to_i": 0.0010519520883639755, 
    "true": 0.01642479737968298, 
    "undef": 5.7379204819853204e-05, 
    "unique": [
        "elsif", 
        "chomp", 
        "to_i", 
        "to_f", 
        "rescue", 
        "end"
    ], 
    "unless": 0.004623807588399837, 
    "when": 0.0035192578956176634, 
    "|": 0.0707055251392641
}