{
    "&": 0.12860342670971872, 
    "->": 0.032696279489193354, 
    ".": 0.4859935421939087, 
    ":": 0.11091718300026181, 
    "=>": 0.028711056811240074, 
    "extern": 0.010297582686098263, 
    "first_line": [
        "^(extern|use|pub) .*;$"
    ], 
    "fn": 0.06803967769147977, 
    "let": 0.08130436047357245, 
    "match": 0.011053902318410564, 
    "mut": 0.03327806382174128, 
    "pub": 0.0362160747011083, 
    "self": 0.056113098874247314, 
    "struct": 0.005032434476539547, 
    "unique": [
        "mut", 
        "fn", 
        "pub"
    ], 
    "unwrap(": 0.02187509090380196, 
    "with_status(": 0.02359135468481834, 
    "with_stdout(": 0.005323326642813509, 
    "{": 0.18977804927713296, 
    "|": 0.04747360153591064, 
    "}": 0.18998167379352474
}