{
    "&": 0.12817967841647052, 
    "->": 0.03235686129937895, 
    ".": 0.48472903610016166, 
    ":": 0.11008706009131385, 
    "=>": 0.02847176927657885, 
    "extern": 0.010095567592093697, 
    "first_line": [
        "^(extern|use|pub) .*;$"
    ], 
    "fn": 0.06754955619204266, 
    "let": 0.08133170745540652, 
    "match": 0.01094631767007912, 
    "mut": 0.034767319853670986, 
    "pub": 0.035986728298783424, 
    "self": 0.0564047301704336, 
    "struct": 0.004991067124181153, 
    "unique": [
        "mut", 
        "fn", 
        "pub"
    ], 
    "unwrap(": 0.02132546862150129, 
    "with_status(": 0.023509060488330544, 
    "with_stdout(": 0.00524629214757678, 
    "{": 0.1892351756798911, 
    "|": 0.04752857102345234, 
    "}": 0.18943368403142102
}