{
    "!": 0.08357733746482077, 
    "&": 0.12934587940984166, 
    "->": 0.03237911135116696, 
    ".": 0.49353270602950794, 
    ":": 0.11010034966028939, 
    "=>": 0.028342382806947723, 
    "extern": 0.010120249026352446, 
    "first_line": [
        "^(extern|use|pub) .*;$"
    ], 
    "fn": 0.06768627228018308, 
    "let": 0.0813031242004719, 
    "match": 0.01094465133467891, 
    "mut": 0.03471017994712454, 
    "println": 0.005173835176393666, 
    "pub": 0.03601785257412514, 
    "self": 0.05665633794809108, 
    "struct": 0.005003269181567502, 
    "unique": [
        "mut", 
        "fn", 
        "pub"
    ], 
    "unwrap(": 0.021804019671944737, 
    "with_status(": 0.023566534951815106, 
    "with_stdout(": 0.005259118173806749, 
    "{": 0.1890724052648037, 
    "|": 0.04755948489069563, 
    "}": 0.18904397759899935
}