{
    "&": 0.13544415127528583, 
    "->": 0.030401641747288186, 
    ".": 0.5668718850776898, 
    ":": 0.11955438287892113, 
    "=>": 0.028965112870126063, 
    "crate": 0.011462914101436529, 
    "extern": 0.010378188214599824, 
    "first_line": [
        "use", 
        "extern", 
        "crate"
    ], 
    "fn": 0.06871885077689827, 
    "let": 0.08197009674582234, 
    "match": 0.01108179419525066, 
    "mut": 0.03350923482849604, 
    "pub": 0.036499560246262094, 
    "self": 0.0563764291996482, 
    "struct": 0.005071826443858106, 
    "unwrap(": 0.02233948988566403, 
    "use": 0.0326297273526825, 
    "with_status(": 0.023805335678686604, 
    "with_stdout(": 0.005364995602462621, 
    "{": 0.18452066842568163, 
    "|": 0.04772793902081501, 
    "}": 0.18710055702140135
}