{
    "!": 0.012808602877009261, 
    "!(": 0.07198153309123666, 
    "&": 0.12814233032120034, 
    "->": 0.03209188413140782, 
    ".": 0.4901331531683698, 
    ":": 0.10992877853784871, 
    "::": 0.14703150071784477, 
    ";": 0.22751456802634912, 
    "=>": 0.02820707710497424, 
    "comments": [
        "//", 
        "/*"
    ], 
    "extern": 0.010415786954930608, 
    "first_line": [
        "^(extern|use|pub) .*;$"
    ], 
    "fn": 0.06711144892041776, 
    "i32": 0.0005911662866311967, 
    "impl": 0.007516257072882358, 
    "let": 0.08070827351293527, 
    "loop": 0.00036596008220026463, 
    "match": 0.010866199363792472, 
    "mod": 0.0026743236776173183, 
    "mut": 0.03448470005348647, 
    "println": 0.005123441150803705, 
    "pub": 0.0357233341778566, 
    "self": 0.056104495678855955, 
    "struct": 0.004954536497480505, 
    "unique": [
        "mut", 
        "fn", 
        "pub", 
        "!(", 
        "#[", 
        "i32", 
        "f64", 
        "let", 
        "match", 
        "impl", 
        "loop"
    ], 
    "unwrap(": 0.021591644849815614, 
    "use": 0.03223263800917715, 
    "with_status(": 0.023336992934155337, 
    "with_stdout(": 0.005207893477465304, 
    "{": 0.19024294119302987, 
    "|": 0.04718069982828027, 
    "}": 0.19032739351969147
}