{
    "!": 0.012443665498247372, 
    "!(": 0.07063094641962944, 
    "&": 0.12273410115172759, 
    "->": 0.030796194291437155, 
    ".": 0.48793189784677016, 
    ":": 0.10613420130195293, 
    "::": 0.14201301952929393, 
    ";": 0.2229344016024036, 
    "=>": 0.027616424636955433, 
    "comments": [
        "//", 
        "/*"
    ], 
    "extern": 0.009739609414121182, 
    "first_line": [
        "^(extern|use|pub) .*;$"
    ], 
    "flags": [
        "writefln(", 
        "template"
    ], 
    "fn": 0.06482223335002504, 
    "i32": 0.0005257886830245368, 
    "impl": 0.0073109664496745115, 
    "let": 0.07961942914371557, 
    "loop": 0.0004256384576865298, 
    "match": 0.010766149223835753, 
    "mod": 0.0025538307461191786, 
    "mut": 0.032398597896845266, 
    "println": 0.004682023034551828, 
    "pub": 0.03387581372058087, 
    "self": 0.056034051076614924, 
    "struct": 0.004832248372558838, 
    "unique": [
        "mut", 
        "fn", 
        "pub", 
        "!(", 
        "#[", 
        "i32", 
        "f64", 
        "let", 
        "match", 
        "impl", 
        "loop"
    ], 
    "unwrap(": 0.019979969954932397, 
    "use": 0.03162243365047571, 
    "with_status(": 0.023635453179769655, 
    "with_stdout(": 0.004656985478217326, 
    "{": 0.18279919879819728, 
    "|": 0.030896344516775164, 
    "}": 0.1828743114672008
}