{
    "!": 0.012807521252040759, 
    "!(": 0.07197545459663345, 
    "&": 0.12813150931711986, 
    "->": 0.03208917412599223, 
    ".": 0.49031695096549005, 
    ":": 0.1099476439790576, 
    "=>": 0.028204695152845804, 
    "comments": [
        "//", 
        "/*"
    ], 
    "extern": 0.010414907391769408, 
    "first_line": [
        "^(extern|use|pub) .*;$"
    ], 
    "fn": 0.06710578168102235, 
    "let": 0.08070145808703484, 
    "match": 0.010865281765467544, 
    "mut": 0.034481787986263585, 
    "println": 0.0051230085008163034, 
    "pub": 0.03572031751393346, 
    "self": 0.05609975792377414, 
    "struct": 0.004954118110679502, 
    "unique": [
        "mut", 
        "fn", 
        "pub", 
        "!("
    ], 
    "unwrap(": 0.02158982153915442, 
    "with_status(": 0.0233350222372347, 
    "with_stdout(": 0.005207453695884704, 
    "{": 0.19022687609075042, 
    "|": 0.047345606035016606, 
    "}": 0.19031132128581885
}