{
    "&": 0.1326725841357463, 
    "->": 0.03318382837248691, 
    ".": 0.563717341529969, 
    ":": 0.11087413355079509, 
    "=>": 0.02804002132798043, 
    "extern": 0.011009001662327886, 
    "first_line": [
        "^(extern|use|pub) .*;$"
    ], 
    "fn": 0.07019414735125303, 
    "let": 0.07875670419973026, 
    "match": 0.0105071668287175, 
    "mut": 0.03214879402816548, 
    "pub": 0.03788852993758429, 
    "self": 0.05789919392779851, 
    "struct": 0.005112442367405827, 
    "unwrap(": 0.021390709782642788, 
    "with_status(": 0.02424489539880187, 
    "with_stdout(": 0.005394724461311671, 
    "{": 0.18975629645892794, 
    "|": 0.04337734843019791, 
    "}": 0.18947401436502212
}