{
    "&": 0.13545606473744393,
    "->": 0.0304043158295951,
    ".": 0.5668631072800305,
    ":": 0.1195648987011464,
    "=>": 0.028967660597531298,
    "extern": 0.010379101064297652,
    "first_line": [
        "^(extern|use|pub) .*;$"
    ],
    "fn": 0.06872489518280706,
    "let": 0.0819773067112323,
    "match": 0.011082768933063593,
    "mut": 0.03351218224997801,
    "pub": 0.03650277069223327,
    "self": 0.056352068490339226,
    "struct": 0.005072272554021168,
    "unwrap(": 0.022341454833318675,
    "with_status(": 0.023807429559914387,
    "with_stdout(": 0.005365467499340312,
    "{": 0.1845368985838684,
    "|": 0.04758553962529686,
    "}": 0.18711701410267687
}