{
    "++": 0.00312128418549346, 
    "->": 0.009165675782798257, 
    ":": 0.23038049940546967, 
    "=>": 0.08506738010305193, 
    "@": 0.000842251288149029, 
    "List(": 0.000842251288149029, 
    "Map(": 0.0011395164486722156, 
    "Nil": 0.000842251288149029, 
    "None": 0.018133174791914387, 
    "String": 0.043697978596908445, 
    "Try": 0.0067875544986127625, 
    "`": 0.007134363852556481, 
    "abstract": 0.0006440745144669045, 
    "case": 0.07169044787950853, 
    "class": 0.028586999603646454, 
    "comments": [
        "//", 
        "/*"
    ], 
    "def": 0.08308561236623067, 
    "extends": 0.02546571541815299, 
    "first_line": [
        "^package\\s.{1,}$", 
        "^import .*$"
    ], 
    "flags": [], 
    "implicit": 0.021155370590566786, 
    "lazy": 0.0015358699960364645, 
    "match": 0.009958382877526754, 
    "object": 0.014367816091954023, 
    "override": 0.01823226317875545, 
    "private": 0.017934998018232264, 
    "trait": 0.004260800634165676, 
    "unique": [
        "forSome", 
        "Var", 
        "match", 
        "lazy", 
        "trait", 
        "Nil", 
        ":::"
    ], 
    "val": 0.13580063416567578, 
    "with": 0.018380895759017045, 
    "{": 0.2081351565596512, 
    "}": 0.20585612366230677, 
    "~": 0.014268727705112961
}