{
    "&": 0.10293602429081027, 
    "::": 0.19108576099881094, 
    ";": 0.46715219976218786, 
    "<<": 0.02273282232036691, 
    "bool": 0.030329008833021913, 
    "cin": 2.654153218957024e-06, 
    "const_cast": 0.0006927339901477833, 
    "cout": 2.3887378970613215e-05, 
    "endl": 2.654153218957024e-06, 
    "forward_list": 5.308306437914048e-06, 
    "friend": 0.0018207491082045185, 
    "inline": 0.0014067012060472227, 
    "namespace": 0.008469402921691863, 
    "reinterpret_cast": 0.001207639714625446, 
    "static_cast": 0.0016482291489723119, 
    "std": 0.017522719551554274, 
    "template": 0.004167020553762528, 
    "typename": 0.0037158145065398335, 
    "unordered_map": 1.8579072532699166e-05, 
    "unordered_set": 2.654153218957024e-06, 
    "vector": 0.001897719551554272, 
    "virtual": 0.002210909631391201, 
    "{": 0.17307733140818754, 
    "}": 0.1732020766094785
}