{
    "&": 0.10204773915759564, 
    "::": 0.20595278478419307, 
    ";": 0.4698918194550334, 
    "<<": 0.027523736914050037, 
    "auto": 0.07264318556607544, 
    "bool": 0.023087024715946303, 
    "cin": 3.358601209768156e-06, 
    "const_cast": 0.0006582858371145585, 
    "cout": 3.0227410887913402e-05, 
    "endl": 3.358601209768156e-06, 
    "forward_list": 6.717202419536312e-06, 
    "friend": 0.00017128866169817595, 
    "inline": 0.00020823327500562566, 
    "namespace": 0.005911138129191954, 
    "reinterpret_cast": 0.0008329331000225027, 
    "static_cast": 0.001276268459711899, 
    "std": 0.01628249866495602, 
    "template": 0.001464350127458916, 
    "typename": 0.0008665191121201842, 
    "unordered_map": 6.717202419536312e-06, 
    "unordered_set": 3.358601209768156e-06, 
    "vector": 0.0017363968254501365, 
    "virtual": 0.0004634869669480055, 
    "{": 0.1661903050617479, 
    "}": 0.16636495232465584
}