{
    "&": 0.13308583974691912, 
    ";": 0.5125005902072808, 
    "calloc(": 4.131450965579111e-05, 
    "ctype": 1.1804145615940319e-05, 
    "free(": 0.007460220029274281, 
    "getchar(": 5.902072807970159e-06, 
    "malloc(": 0.00015345389300722414, 
    "printf(": 0.0034999291751263042, 
    "putchar(": 0.0005429906983332546, 
    "realloc(": 7.082487369564191e-05, 
    "stddef": 1.1804145615940319e-05, 
    "stdio": 5.902072807970159e-06, 
    "typedef": 0.0012689456537135842, 
    "va_end(": 0.0004780678974455829, 
    "va_start(": 0.0004603616790216724, 
    "{": 0.1216771330091128, 
    "}": 0.12182468482931205
}