{
    "&": 0.14708603145235893, 
    ";": 0.5360810334156356, 
    "calloc(": 3.993105238288555e-05, 
    "free(": 0.008305658895640194, 
    "getchar(": 6.655175397147592e-06, 
    "malloc(": 0.00013310350794295184, 
    "printf(": 0.003919898308919932, 
    "putchar(": 0.0006056209611404309, 
    "realloc(": 4.658622778003314e-05, 
    "static": 0.04259312254174459, 
    "typedef": 0.000326103594460232, 
    "va_end(": 0.0005390692071689549, 
    "va_start(": 0.0005191036809775122, 
    "{": 0.12811212639509115, 
    "}": 0.12816536779826831
}