{
    "!!": 5.2103233874049114e-05, 
    "$": 0.07233665636180485, 
    "()": 0.014814686164854632, 
    "->": 0.15726492757650493, 
    ":": 0.01868769321615895, 
    "::": 0.09350793705929349, 
    "<-": 0.05097433047344472, 
    "Bool": 0.010646427454930702, 
    "Char": 0.002813574629198652, 
    "Control": 0.004237729688422662, 
    "LANGUAGE": 0.004081419986800514, 
    "Monad": 0.002726735906075237, 
    "Monoid": 0.0026051616937024557, 
    "`": 0.028083643058112475, 
    "elem": 0.0016846712285942549, 
    "foldr": 0.0006773420403626385, 
    "head": 0.0006252388064885894, 
    "let": 0.01913925457640071, 
    "map": 0.0137205182534996, 
    "mapM": 0.001406787314599326, 
    "maybe": 0.0025530584598284067, 
    "module": 0.006043975129389698, 
    "of": 0.01953871270276842, 
    "qualified": 0.010212233839313627, 
    "tail": 0.0002257806801208795, 
    "take": 0.0005384000833651742, 
    "then": 0.006391330021883359, 
    "where": 0.03669804439195526
}