{
    "!!": 5.223659695983006e-05, 
    "$": 0.07133777924814125, 
    "()": 0.014852605735578346, 
    "->": 0.15742369103794118, 
    ":": 0.01873552610959238, 
    "::": 0.09338162316518953, 
    "<-": 0.051104804025700404, 
    "Bool": 0.010656265779805331, 
    "Char": 0.0028207762358308233, 
    "Control": 0.004248576552732844, 
    "Monad": 0.002733715240897773, 
    "Monoid": 0.002611829847991503, 
    "`": 0.0281555257613484, 
    "elem": 0.0016889833017011719, 
    "foldr": 0.0006790757604777908, 
    "head": 0.0006268391635179607, 
    "let": 0.01918824328324424, 
    "map": 0.013651164005502255, 
    "mapM": 0.0014103881179154116, 
    "maybe": 0.0025595932510316726, 
    "module": 0.006059445247340286, 
    "of": 0.01958872385993627, 
    "qualified": 0.010203548606153471, 
    "tail": 0.00022635858682593026, 
    "take": 0.0005397781685849106, 
    "then": 0.006407689227072487, 
    "where": 0.03673973986174714
}