{
    ":": 0.26168116477076075, 
    ";": 0.5735711483882877, 
    "NaN": 0.004914741918364522, 
    "console": 0.00020766515148019105, 
    "event": 0.004476337709684118, 
    "exports": 0.0007383649830406793, 
    "function": 0.04637855049724267, 
    "isNaN": 0.0005537737372805095, 
    "length": 0.04377119915088027, 
    "null": 0.025496665820623456, 
    "this": 0.035810701677472946, 
    "var": 0.10427097994877593, 
    "window": 0.0004153303029603821, 
    "{": 0.3006760654375966, 
    "}": 0.30069913934331666
}