{
    "#": 0.010611317897924421, 
    ":\n": 0.20166130422896558, 
    "@": 0.018749605703110215, 
    "False": 0.01668874729249469, 
    "None": 0.0269762160116081, 
    "True": 0.024229806741951087, 
    "abs(": 5.047000189262507e-05, 
    "all(": 0.005248880196833007, 
    "and": 0.013820368851597166, 
    "any(": 0.0002481441759720733, 
    "as": 0.008764956995352555, 
    "bool(": 0.00030702584484680254, 
    "classmethod": 0.0011439867095661682, 
    "def": 0.0852564506971169, 
    "del": 0.0009463125354867201, 
    "dict(": 0.0007107858599878031, 
    "dir(": 5.888166887472925e-05, 
    "elif": 0.0031459634513069626, 
    "enumerate(": 0.0005719933547830841, 
    "eval(": 0.0001556158391689273, 
    "exec(": 1.6823333964208357e-05, 
    "filter(": 0.007263474439046958, 
    "format(": 0.0010220175383256578, 
    "from": 0.037318360566105185, 
    "getattr(": 0.0024225600908460033, 
    "hasattr(": 0.0023426492545160138, 
    "in": 0.028347317729691082, 
    "input(": 7.149916934788551e-05, 
    "is": 0.01650789645237945, 
    "isinstance(": 0.004584358505246777, 
    "len(": 0.006317161903560238, 
    "list(": 0.004592770172228882, 
    "not": 0.014922297226252813, 
    "open(": 0.0008621958656656783, 
    "or": 0.00642230774083654, 
    "pass": 0.0037852501419468805, 
    "print(": 0.000521523352890459, 
    "range(": 0.0013080142157171997, 
    "round(": 2.5235000946312535e-05, 
    "self": 0.3055958614598448, 
    "staticmethod": 9.252833680314597e-05, 
    "str(": 0.004571741004773621, 
    "super(": 0.0051184993586103926, 
    "with": 0.019620213235757997, 
    "zip(": 0.0003574958467394276
}