{
    "$": 0.17735644637053088, 
    "...": 0.020151679306608883, 
    "<-": 0.2390032502708559, 
    "<<-": 0.020260021668472374, 
    "FALSE": 0.038461538461538464, 
    "Inf": 0.0004333694474539545, 
    "NA_character_": 0.0006500541711809318, 
    "NA_complex_": 0.00010834236186348862, 
    "NA_integer_": 0.00010834236186348862, 
    "NA_real_": 0.00021668472372697725, 
    "TRUE": 0.034236186348862406, 
    "c(": 0.027193932827735644, 
    "function(": 0.08613217768147345, 
    "library(": 0.003791982665222102, 
    "png(": 0.0007583965330444204, 
    "return(": 0.03001083423618635, 
    "runif(": 0.0003250270855904659, 
    "seq(": 0.00021668472372697725, 
    "source(": 0.0003250270855904659, 
    "{": 0.16522210184182015, 
    "}": 0.16511375947995666
}