{
    "!": 0.008792485717052387, 
    "$": 0.013776185403957263, 
    "?": 0.04371711694264226, 
    "Array": 7.746683451147477e-05, 
    "Bignum": 6.455569542622898e-06, 
    "Binding": 6.455569542622898e-06, 
    "Class": 0.0002453116426196701, 
    "File": 0.0036990413479229206, 
    "Hash": 0.00019366708627868693, 
    "NilClass": 6.455569542622898e-06, 
    "alias": 0.00021948936444917853, 
    "begin": 0.0013104806171524482, 
    "chomp": 0.0012394693521835963, 
    "defined": 9.037797359672057e-05, 
    "each": 0.003421451857590136, 
    "elsif": 0.0013944030212065459, 
    "end": 0.1554307478777315, 
    "ensure": 0.0011555469481294987, 
    "false": 0.0018527484587327718, 
    "gets": 0.00010974468222458927, 
    "module": 0.0013427584648655628, 
    "nil": 0.002130337949065556, 
    "not": 0.001084535683160647, 
    "puts": 0.00247248313482457, 
    "require": 0.004893321713308156, 
    "rescue": 0.0012394693521835963, 
    "then": 0.003427907427132759, 
    "to_f": 3.227784771311449e-05, 
    "to_i": 0.0003615118943868823, 
    "true": 0.003292340466737678, 
    "undef": 2.5822278170491593e-05, 
    "unless": 0.004073464381395049, 
    "when": 0.00296310642006391
}